[2026-05-22 13:52:24] INFO sged – 🚀 Iniciando SGED API v1.0.0 [development]
[2026-05-22 14:49:50] INFO sged – 🚀 Iniciando SGED API v1.0.0 [development]
[2026-05-22 14:49:56] INFO sged – ✅ MongoDB conectado → mongodb+srv://andrywbarrera:SGEDUPTC@sgedcluster.yyzatcs.mongodb.net/?retryWrites=true&w=majority / DataBaseSGED
[2026-05-22 14:49:58] INFO sged – ✅ Índices de MongoDB creados/verificados.
[2026-05-22 14:52:37] INFO sged – 🚀 Iniciando SGED API v1.0.0 [development]
[2026-05-22 14:52:43] INFO sged – ✅ MongoDB conectado → mongodb+srv://andrywbarrera:SGEDUPTC@sgedcluster.yyzatcs.mongodb.net/?retryWrites=true&w=majority / DataBaseSGED
[2026-05-22 14:52:45] INFO sged – ✅ Índices de MongoDB creados/verificados.
[2026-05-22 14:52:49] INFO sged – 🌱 SSO simulado: 6 usuario(s) institucional(es) creados.
[2026-05-22 14:52:49] INFO sged – ✅ SGED listo en http://0.0.0.0:8000/api/v1
[2026-05-22 15:04:04] INFO sged – 🔑 Login exitoso: admin@uptc.edu.co [Administrador]
[2026-05-22 15:30:31] INFO sged – 👋 Logout: usuario 6a10b40d9f1292ecf5c0e8ab
[2026-05-22 15:31:01] INFO sged – 🔑 Login exitoso: admin@uptc.edu.co [Administrador]
[2026-05-22 15:31:05] INFO sged – 👋 Logout: usuario 6a10b40d9f1292ecf5c0e8ab
[2026-05-22 15:31:24] INFO sged – 🔑 Login exitoso: coordinador@uptc.edu.co [Administrativo]
[2026-05-22 15:31:57] INFO sged – 👋 Logout: usuario 6a10b40e9f1292ecf5c0e8ac
[2026-05-22 15:32:04] INFO sged – 🔑 Login exitoso: admin@uptc.edu.co [Administrador]
[2026-05-22 15:32:41] INFO sged – 👋 Logout: usuario 6a10b40d9f1292ecf5c0e8ab
[2026-05-22 15:33:02] INFO sged – 🔑 Login exitoso: andryw.barrera@uptc.edu.co [Estudiante]
[2026-05-22 15:34:42] INFO sged – 👋 Logout: usuario 6a10b40f9f1292ecf5c0e8ad
[2026-05-22 15:46:44] INFO sged – 🔑 Login exitoso: andryw.barrera@uptc.edu.co [Estudiante]
[2026-05-22 15:48:04] INFO sged – 🔑 Login exitoso: andryw.barrera@uptc.edu.co [Estudiante]
[2026-05-22 15:48:55] INFO sged – 🔑 Login exitoso: andryw.barrera@uptc.edu.co [Estudiante]
[2026-05-22 15:51:29] INFO sged – 🔑 Login exitoso: andryw.barrera@uptc.edu.co [Estudiante]
[2026-05-22 15:51:49] INFO sged – 🔑 Login exitoso: andryw.barrera@uptc.edu.co [Estudiante]
[2026-05-22 15:55:49] INFO sged – 🔑 Login exitoso: admin@uptc.edu.co [Administrador]
[2026-05-22 15:56:43] INFO sged – 🔑 Login exitoso: andryw.barrera@uptc.edu.co [Estudiante]
[2026-05-22 15:56:49] INFO sged – 🔑 Login exitoso: admin@uptc.edu.co [Administrador]
[2026-05-22 16:07:48] INFO sged – 🔑 Login exitoso: admin@uptc.edu.co [Administrador]
[2026-05-22 16:17:07] INFO sged – 🔌 MongoDB desconectado.
[2026-05-22 16:17:07] INFO sged – 🛑 SGED detenido.
[2026-05-22 16:17:15] INFO sged – 🚀 Iniciando SGED API v1.0.0 [development]
[2026-05-22 16:17:21] INFO sged – ✅ MongoDB conectado → mongodb+srv://andrywbarrera:SGEDUPTC@sgedcluster.yyzatcs.mongodb.net/?retryWrites=true&w=majority / DataBaseSGED
[2026-05-22 16:17:23] INFO sged – ✅ Índices de MongoDB creados/verificados.
[2026-05-22 16:17:23] INFO sged – ✅ SSO simulado: usuarios institucionales ya existen.
[2026-05-22 16:17:23] INFO sged – ✅ SGED listo en http://0.0.0.0:8000/api/v1
[2026-05-22 16:17:48] INFO sged – 🔌 MongoDB desconectado.
[2026-05-22 16:17:48] INFO sged – 🛑 SGED detenido.
[2026-05-22 16:17:54] INFO sged – 🚀 Iniciando SGED API v1.0.0 [development]
[2026-05-22 16:17:59] INFO sged – ✅ MongoDB conectado → mongodb+srv://andrywbarrera:SGEDUPTC@sgedcluster.yyzatcs.mongodb.net/?retryWrites=true&w=majority / DataBaseSGED
[2026-05-22 16:18:02] INFO sged – ✅ Índices de MongoDB creados/verificados.
[2026-05-22 16:18:02] INFO sged – ✅ SSO simulado: usuarios institucionales ya existen.
[2026-05-22 16:18:02] INFO sged – ✅ SGED listo en http://0.0.0.0:8000/api/v1
[2026-05-22 16:18:46] INFO sged – 👋 Logout: usuario 6a10b40d9f1292ecf5c0e8ab
[2026-05-22 16:18:51] INFO sged – 🔑 Login exitoso: andryw.barrera@uptc.edu.co [Estudiante]
[2026-05-22 16:19:27] INFO sged – 👋 Logout: usuario 6a10b40f9f1292ecf5c0e8ad
[2026-05-22 16:19:32] INFO sged – 🔑 Login exitoso: admin@uptc.edu.co [Administrador]
[2026-05-22 16:38:06] INFO sged – 🔑 Login exitoso: admin@uptc.edu.co [Administrador]
[2026-05-22 16:58:38] INFO sged – 🔑 Login exitoso: admin@uptc.edu.co [Administrador]
[2026-05-22 17:06:39] INFO sged – 🔑 Login exitoso: admin@uptc.edu.co [Administrador]
[2026-05-22 17:11:45] INFO sged – 🔑 Login exitoso: admin@uptc.edu.co [Administrador]
[2026-05-22 17:13:17] INFO sged – 🔑 Login exitoso: admin@uptc.edu.co [Administrador]
[2026-05-22 17:16:32] INFO sged – 🔑 Login exitoso: admin@uptc.edu.co [Administrador]
[2026-05-22 17:20:08] INFO sged – 🔑 Login exitoso: admin@uptc.edu.co [Administrador]
[2026-05-22 17:22:55] INFO sged – 🔑 Login exitoso: admin@uptc.edu.co [Administrador]
[2026-05-22 17:23:08] ERROR sged – ❌ Error subiendo imagen a Cloudinary: Invalid cloud_name SGED
[2026-05-22 19:35:00] WARNING sged – Token inválido: Signature has expired.
[2026-05-22 19:35:03] ERROR sged – ❌ Error subiendo imagen a Cloudinary: Invalid cloud_name SGED
[2026-05-22 19:36:20] INFO sged – 🚀 Iniciando SGED API v1.0.0 [development]
[2026-05-22 19:36:26] INFO sged – ✅ MongoDB conectado → mongodb+srv://andrywbarrera:SGEDUPTC@sgedcluster.yyzatcs.mongodb.net/?retryWrites=true&w=majority / DataBaseSGED
[2026-05-22 19:36:27] INFO sged – ✅ Índices de MongoDB creados/verificados.
[2026-05-22 19:36:28] INFO sged – ✅ SSO simulado: usuarios institucionales ya existen.
[2026-05-22 19:36:28] INFO sged – ✅ SGED listo en http://0.0.0.0:8000/api/v1
[2026-05-22 19:36:42] INFO sged – 🔑 Login exitoso: andryw.barrera@uptc.edu.co [Estudiante]
[2026-05-22 19:36:48] INFO sged – 👋 Logout: usuario 6a10b40f9f1292ecf5c0e8ad
[2026-05-22 19:36:53] INFO sged – 🔑 Login exitoso: admin@uptc.edu.co [Administrador]
[2026-05-22 19:37:07] INFO sged – 🖼️  Imagen subida a Cloudinary: https://res.cloudinary.com/duhn3hvzy/image/upload/v1779496627/sged/espacios/sged/espacios/6a10d17160030f9a532341f0.jpg
[2026-05-22 19:37:54] INFO sged – 👋 Logout: usuario 6a10b40d9f1292ecf5c0e8ab
[2026-05-22 19:38:01] INFO sged – 🔑 Login exitoso: andryw.barrera@uptc.edu.co [Estudiante]
[2026-05-22 19:38:22] INFO sged – 👋 Logout: usuario 6a10b40f9f1292ecf5c0e8ad
[2026-05-22 20:05:57] INFO sged – 🚀 Iniciando SGED API v1.0.0 [development]
[2026-05-22 20:06:12] INFO sged – ✅ MongoDB conectado → mongodb+srv://andrywbarrera:SGEDUPTC@sgedcluster.yyzatcs.mongodb.net/?retryWrites=true&w=majority / DataBaseSGED
[2026-05-22 20:06:14] INFO sged – ✅ Índices de MongoDB creados/verificados.
[2026-05-22 20:06:15] INFO sged – ✅ SSO simulado: usuarios institucionales ya existen.
[2026-05-22 20:06:15] INFO sged – ✅ SGED listo en http://0.0.0.0:8000/api/v1
[2026-05-22 20:22:15] INFO sged – 🔑 Login exitoso: andryw.barrera@uptc.edu.co [Estudiante]
[2026-05-22 20:22:24] INFO sged – 🔑 Login exitoso: admin@uptc.edu.co [Administrador]
[2026-05-22 20:23:56] INFO sged – 🔑 Login exitoso: admin@uptc.edu.co [Administrador]
[2026-05-22 20:24:01] INFO sged – 👋 Logout: usuario 6a10b40d9f1292ecf5c0e8ab
[2026-05-22 20:24:04] INFO sged – 🔑 Login exitoso: andryw.barrera@uptc.edu.co [Estudiante]
[2026-05-22 20:24:18] INFO sged – 👋 Logout: usuario 6a10b40f9f1292ecf5c0e8ad
[2026-05-22 20:24:22] INFO sged – 🔑 Login exitoso: admin@uptc.edu.co [Administrador]
[2026-05-22 20:36:59] INFO sged – 👋 Logout: usuario 6a10b40d9f1292ecf5c0e8ab
[2026-05-22 20:37:13] INFO sged – 🔑 Login exitoso: admin@uptc.edu.co [Administrador]
[2026-05-22 20:52:04] INFO sged – 👋 Logout: usuario 6a10b40d9f1292ecf5c0e8ab
[2026-05-22 20:52:10] INFO sged – 🔑 Login exitoso: coordinador@uptc.edu.co [Administrativo]
[2026-05-22 20:55:22] INFO sged – 👋 Logout: usuario 6a10b40e9f1292ecf5c0e8ac
[2026-05-22 20:55:26] INFO sged – 🔑 Login exitoso: andryw.barrera@uptc.edu.co [Estudiante]
[2026-05-22 20:55:55] INFO sged – 👋 Logout: usuario 6a10b40f9f1292ecf5c0e8ad
[2026-05-22 20:55:59] INFO sged – 🔑 Login exitoso: coordinador@uptc.edu.co [Administrativo]
[2026-05-22 20:56:54] INFO sged – 👋 Logout: usuario 6a10b40e9f1292ecf5c0e8ac
[2026-05-22 20:57:00] INFO sged – 🔑 Login exitoso: andryw.barrera@uptc.edu.co [Estudiante]
[2026-05-22 21:00:18] INFO sged – 👋 Logout: usuario 6a10b40f9f1292ecf5c0e8ad
[2026-05-22 21:00:22] INFO sged – 🔑 Login exitoso: coordinador@uptc.edu.co [Administrativo]
[2026-05-22 21:13:48] INFO sged – 🔌 MongoDB desconectado.
[2026-05-22 21:13:48] INFO sged – 🛑 SGED detenido.
[2026-05-22 21:24:11] INFO sged – 🚀 Iniciando SGED API v1.0.0 [development]
[2026-05-22 21:24:17] INFO sged – ✅ MongoDB conectado → mongodb+srv://andrywbarrera:SGEDUPTC@sgedcluster.yyzatcs.mongodb.net/?retryWrites=true&w=majority / DataBaseSGED
[2026-05-22 21:24:19] INFO sged – ✅ Índices de MongoDB creados/verificados.
[2026-05-22 21:24:20] INFO sged – ✅ SSO simulado: usuarios institucionales ya existen.
[2026-05-22 21:24:20] INFO sged – ✅ SGED listo en http://0.0.0.0:8000/api/v1
[2026-05-22 21:25:38] INFO sged – 👋 Logout: usuario 6a10b40e9f1292ecf5c0e8ac
[2026-05-22 21:25:41] INFO sged – 🔑 Login exitoso: andryw.barrera@uptc.edu.co [Estudiante]
[2026-05-22 21:50:41] INFO sged – 🔌 MongoDB desconectado.
[2026-05-22 21:50:41] INFO sged – 🛑 SGED detenido.
[2026-05-22 21:50:59] INFO sged – 🚀 Iniciando SGED API v1.0.0 [development]
[2026-05-22 21:51:07] INFO sged – ✅ MongoDB conectado → mongodb+srv://andrywbarrera:SGEDUPTC@sgedcluster.yyzatcs.mongodb.net/?retryWrites=true&w=majority / DataBaseSGED
[2026-05-22 21:51:09] INFO sged – ✅ Índices de MongoDB creados/verificados.
[2026-05-22 21:51:09] INFO sged – ✅ SSO simulado: usuarios institucionales ya existen.
[2026-05-22 21:51:09] INFO sged – ✅ SGED listo en http://0.0.0.0:8000/api/v1
[2026-05-22 21:51:46] INFO sged – 🔌 MongoDB desconectado.
[2026-05-22 21:51:46] INFO sged – 🛑 SGED detenido.
[2026-05-22 21:51:58] INFO sged – 🚀 Iniciando SGED API v1.0.0 [development]
[2026-05-22 21:52:04] INFO sged – ✅ MongoDB conectado → mongodb+srv://andrywbarrera:SGEDUPTC@sgedcluster.yyzatcs.mongodb.net/?retryWrites=true&w=majority / DataBaseSGED
[2026-05-22 21:52:06] INFO sged – ✅ Índices de MongoDB creados/verificados.
[2026-05-22 21:52:06] INFO sged – ✅ SSO simulado: usuarios institucionales ya existen.
[2026-05-22 21:52:06] INFO sged – ✅ SGED listo en http://0.0.0.0:8000/api/v1
[2026-05-22 21:52:07] INFO sged – 🔌 MongoDB desconectado.
[2026-05-22 21:52:07] INFO sged – 🛑 SGED detenido.
[2026-05-22 21:52:12] INFO sged – 🚀 Iniciando SGED API v1.0.0 [development]
[2026-05-22 21:52:18] INFO sged – ✅ MongoDB conectado → mongodb+srv://andrywbarrera:SGEDUPTC@sgedcluster.yyzatcs.mongodb.net/?retryWrites=true&w=majority / DataBaseSGED
[2026-05-22 21:52:20] INFO sged – ✅ Índices de MongoDB creados/verificados.
[2026-05-22 21:52:20] INFO sged – ✅ SSO simulado: usuarios institucionales ya existen.
[2026-05-22 21:52:20] INFO sged – ✅ SGED listo en http://0.0.0.0:8000/api/v1
[2026-05-22 21:53:37] INFO sged – 🔌 MongoDB desconectado.
[2026-05-22 21:53:37] INFO sged – 🛑 SGED detenido.
[2026-05-22 21:53:43] INFO sged – 🚀 Iniciando SGED API v1.0.0 [development]
[2026-05-22 21:53:48] INFO sged – ✅ MongoDB conectado → mongodb+srv://andrywbarrera:SGEDUPTC@sgedcluster.yyzatcs.mongodb.net/?retryWrites=true&w=majority / DataBaseSGED
[2026-05-22 21:53:51] INFO sged – ✅ Índices de MongoDB creados/verificados.
[2026-05-22 21:53:51] INFO sged – ✅ SSO simulado: usuarios institucionales ya existen.
[2026-05-22 21:53:51] INFO sged – ✅ SGED listo en http://0.0.0.0:8000/api/v1
[2026-05-22 21:55:05] INFO sged – 🔌 MongoDB desconectado.
[2026-05-22 21:55:05] INFO sged – 🛑 SGED detenido.
[2026-05-22 21:55:14] INFO sged – 🚀 Iniciando SGED API v1.0.0 [development]
[2026-05-22 21:55:22] INFO sged – ✅ MongoDB conectado → mongodb+srv://andrywbarrera:SGEDUPTC@sgedcluster.yyzatcs.mongodb.net/?retryWrites=true&w=majority / DataBaseSGED
[2026-05-22 21:55:24] INFO sged – ✅ Índices de MongoDB creados/verificados.
[2026-05-22 21:55:24] INFO sged – ✅ SSO simulado: usuarios institucionales ya existen.
[2026-05-22 21:55:24] INFO sged – ✅ SGED listo en http://0.0.0.0:8000/api/v1
[2026-05-22 21:56:35] INFO sged – 🔌 MongoDB desconectado.
[2026-05-22 21:56:36] INFO sged – 🛑 SGED detenido.
[2026-05-22 21:56:45] INFO sged – 🚀 Iniciando SGED API v1.0.0 [development]
[2026-05-22 21:56:52] INFO sged – ✅ MongoDB conectado → mongodb+srv://andrywbarrera:SGEDUPTC@sgedcluster.yyzatcs.mongodb.net/?retryWrites=true&w=majority / DataBaseSGED
[2026-05-22 21:56:55] INFO sged – ✅ Índices de MongoDB creados/verificados.
[2026-05-22 21:56:55] INFO sged – ✅ SSO simulado: usuarios institucionales ya existen.
[2026-05-22 21:56:55] INFO sged – ✅ SGED listo en http://0.0.0.0:8000/api/v1
[2026-05-22 21:57:08] INFO sged – 🔌 MongoDB desconectado.
[2026-05-22 21:57:08] INFO sged – 🛑 SGED detenido.
[2026-05-22 21:57:13] INFO sged – 🚀 Iniciando SGED API v1.0.0 [development]
[2026-05-22 21:57:18] INFO sged – ✅ MongoDB conectado → mongodb+srv://andrywbarrera:SGEDUPTC@sgedcluster.yyzatcs.mongodb.net/?retryWrites=true&w=majority / DataBaseSGED
[2026-05-22 21:57:20] INFO sged – ✅ Índices de MongoDB creados/verificados.
[2026-05-22 21:57:21] INFO sged – ✅ SSO simulado: usuarios institucionales ya existen.
[2026-05-22 21:57:21] INFO sged – ✅ SGED listo en http://0.0.0.0:8000/api/v1
[2026-05-22 22:04:52] INFO sged – 🔌 MongoDB desconectado.
[2026-05-22 22:04:52] INFO sged – 🛑 SGED detenido.
[2026-05-22 22:05:00] INFO sged – 🚀 Iniciando SGED API v1.0.0 [development]
[2026-05-22 22:05:06] INFO sged – ✅ MongoDB conectado → mongodb+srv://andrywbarrera:SGEDUPTC@sgedcluster.yyzatcs.mongodb.net/?retryWrites=true&w=majority / DataBaseSGED
[2026-05-22 22:05:08] INFO sged – ✅ Índices de MongoDB creados/verificados.
[2026-05-22 22:05:08] INFO sged – ✅ SSO simulado: usuarios institucionales ya existen.
[2026-05-22 22:05:08] INFO sged – ✅ SGED listo en http://0.0.0.0:8000/api/v1
[2026-05-22 22:20:51] INFO sged – 📧 Email enviado a andryw.barrera@uptc.edu.co — Asunto: ℹ️  Aviso del Sistema – SGED UPTC
[2026-05-22 22:20:51] INFO sged – 📋 Reserva 6a111d1055524a99f48001f7 creada por usuario 6a10b40f9f1292ecf5c0e8ad.
[2026-05-22 22:23:23] INFO sged – 🔌 MongoDB desconectado.
[2026-05-22 22:23:23] INFO sged – 🛑 SGED detenido.
[2026-05-22 22:23:29] INFO sged – 🚀 Iniciando SGED API v1.0.0 [development]
[2026-05-22 22:23:35] INFO sged – ✅ MongoDB conectado → mongodb+srv://andrywbarrera:SGEDUPTC@sgedcluster.yyzatcs.mongodb.net/?retryWrites=true&w=majority / DataBaseSGED
[2026-05-22 22:23:37] INFO sged – ✅ Índices de MongoDB creados/verificados.
[2026-05-22 22:23:38] INFO sged – ✅ SSO simulado: usuarios institucionales ya existen.
[2026-05-22 22:23:38] INFO sged – ✅ SGED listo en http://0.0.0.0:8000/api/v1
[2026-05-22 22:25:03] INFO sged – 🔌 MongoDB desconectado.
[2026-05-22 22:25:03] INFO sged – 🛑 SGED detenido.
[2026-05-22 22:25:10] INFO sged – 🚀 Iniciando SGED API v1.0.0 [development]
[2026-05-22 22:25:16] INFO sged – ✅ MongoDB conectado → mongodb+srv://andrywbarrera:SGEDUPTC@sgedcluster.yyzatcs.mongodb.net/?retryWrites=true&w=majority / DataBaseSGED
[2026-05-22 22:25:18] INFO sged – ✅ Índices de MongoDB creados/verificados.
[2026-05-22 22:25:18] INFO sged – ✅ SSO simulado: usuarios institucionales ya existen.
[2026-05-22 22:25:18] INFO sged – ✅ SGED listo en http://0.0.0.0:8000/api/v1
[2026-05-22 22:27:06] INFO sged – 🔌 MongoDB desconectado.
[2026-05-22 22:27:06] INFO sged – 🛑 SGED detenido.
[2026-05-22 22:27:11] INFO sged – 🚀 Iniciando SGED API v1.0.0 [development]
[2026-05-22 22:27:16] INFO sged – ✅ MongoDB conectado → mongodb+srv://andrywbarrera:SGEDUPTC@sgedcluster.yyzatcs.mongodb.net/?retryWrites=true&w=majority / DataBaseSGED
[2026-05-22 22:27:18] INFO sged – ✅ Índices de MongoDB creados/verificados.
[2026-05-22 22:27:19] INFO sged – ✅ SSO simulado: usuarios institucionales ya existen.
[2026-05-22 22:27:19] INFO sged – ✅ SGED listo en http://0.0.0.0:8000/api/v1
[2026-05-22 22:27:32] INFO sged – 🔌 MongoDB desconectado.
[2026-05-22 22:27:32] INFO sged – 🛑 SGED detenido.
[2026-05-22 22:27:39] INFO sged – 🚀 Iniciando SGED API v1.0.0 [development]
[2026-05-22 22:27:45] INFO sged – ✅ MongoDB conectado → mongodb+srv://andrywbarrera:SGEDUPTC@sgedcluster.yyzatcs.mongodb.net/?retryWrites=true&w=majority / DataBaseSGED
[2026-05-22 22:27:47] INFO sged – ✅ Índices de MongoDB creados/verificados.
[2026-05-22 22:27:47] INFO sged – ✅ SSO simulado: usuarios institucionales ya existen.
[2026-05-22 22:27:47] INFO sged – ✅ SGED listo en http://0.0.0.0:8000/api/v1
[2026-05-22 22:27:55] WARNING sged – Token inválido: Signature has expired.
[2026-05-22 22:27:55] WARNING sged – Token inválido: Signature has expired.
[2026-05-22 22:28:32] INFO sged – 🔌 MongoDB desconectado.
[2026-05-22 22:28:32] INFO sged – 🛑 SGED detenido.
[2026-05-22 22:28:39] INFO sged – 🚀 Iniciando SGED API v1.0.0 [development]
[2026-05-22 22:28:45] INFO sged – ✅ MongoDB conectado → mongodb+srv://andrywbarrera:SGEDUPTC@sgedcluster.yyzatcs.mongodb.net/?retryWrites=true&w=majority / DataBaseSGED
[2026-05-22 22:28:47] INFO sged – ✅ Índices de MongoDB creados/verificados.
[2026-05-22 22:28:48] INFO sged – ✅ SSO simulado: usuarios institucionales ya existen.
[2026-05-22 22:28:48] INFO sged – ✅ SGED listo en http://0.0.0.0:8000/api/v1
[2026-05-22 22:28:59] INFO sged – 🔑 Login exitoso: andryw.barrera@uptc.edu.co [Estudiante]
[2026-05-22 22:33:36] INFO sged – 🔌 MongoDB desconectado.
[2026-05-22 22:33:36] INFO sged – 🛑 SGED detenido.
[2026-05-22 22:33:45] INFO sged – 🚀 Iniciando SGED API v1.0.0 [development]
[2026-05-22 22:33:51] INFO sged – ✅ MongoDB conectado → mongodb+srv://andrywbarrera:SGEDUPTC@sgedcluster.yyzatcs.mongodb.net/?retryWrites=true&w=majority / DataBaseSGED
[2026-05-22 22:33:53] INFO sged – ✅ Índices de MongoDB creados/verificados.
[2026-05-22 22:33:54] INFO sged – ✅ SSO simulado: usuarios institucionales ya existen.
[2026-05-22 22:33:54] INFO sged – ✅ SGED listo en http://0.0.0.0:8000/api/v1
[2026-05-22 22:34:26] INFO sged – 🔌 MongoDB desconectado.
[2026-05-22 22:34:26] INFO sged – 🛑 SGED detenido.
[2026-05-22 22:34:32] INFO sged – 🚀 Iniciando SGED API v1.0.0 [development]
[2026-05-22 22:34:38] INFO sged – ✅ MongoDB conectado → mongodb+srv://andrywbarrera:SGEDUPTC@sgedcluster.yyzatcs.mongodb.net/?retryWrites=true&w=majority / DataBaseSGED
[2026-05-22 22:34:40] INFO sged – ✅ Índices de MongoDB creados/verificados.
[2026-05-22 22:34:41] INFO sged – ✅ SSO simulado: usuarios institucionales ya existen.
[2026-05-22 22:34:41] INFO sged – ✅ SGED listo en http://0.0.0.0:8000/api/v1
[2026-05-22 22:35:01] INFO sged – 🔌 MongoDB desconectado.
[2026-05-22 22:35:01] INFO sged – 🛑 SGED detenido.
[2026-05-22 22:35:08] INFO sged – 🚀 Iniciando SGED API v1.0.0 [development]
[2026-05-22 22:35:14] INFO sged – ✅ MongoDB conectado → mongodb+srv://andrywbarrera:SGEDUPTC@sgedcluster.yyzatcs.mongodb.net/?retryWrites=true&w=majority / DataBaseSGED
[2026-05-22 22:35:16] INFO sged – ✅ Índices de MongoDB creados/verificados.
[2026-05-22 22:35:17] INFO sged – ✅ SSO simulado: usuarios institucionales ya existen.
[2026-05-22 22:35:17] INFO sged – ✅ SGED listo en http://0.0.0.0:8000/api/v1
[2026-05-22 22:36:45] INFO sged – 🔌 MongoDB desconectado.
[2026-05-22 22:36:45] INFO sged – 🛑 SGED detenido.
[2026-05-22 22:36:52] INFO sged – 🚀 Iniciando SGED API v1.0.0 [development]
[2026-05-22 22:36:58] INFO sged – ✅ MongoDB conectado → mongodb+srv://andrywbarrera:SGEDUPTC@sgedcluster.yyzatcs.mongodb.net/?retryWrites=true&w=majority / DataBaseSGED
[2026-05-22 22:37:00] INFO sged – ✅ Índices de MongoDB creados/verificados.
[2026-05-22 22:37:00] INFO sged – ✅ SSO simulado: usuarios institucionales ya existen.
[2026-05-22 22:37:00] INFO sged – ✅ SGED listo en http://0.0.0.0:8000/api/v1
[2026-05-22 22:37:26] INFO sged – 🔌 MongoDB desconectado.
[2026-05-22 22:37:26] INFO sged – 🛑 SGED detenido.
[2026-05-22 22:37:31] INFO sged – 🚀 Iniciando SGED API v1.0.0 [development]
[2026-05-22 22:37:36] INFO sged – ✅ MongoDB conectado → mongodb+srv://andrywbarrera:SGEDUPTC@sgedcluster.yyzatcs.mongodb.net/?retryWrites=true&w=majority / DataBaseSGED
[2026-05-22 22:37:38] INFO sged – ✅ Índices de MongoDB creados/verificados.
[2026-05-22 22:37:39] INFO sged – ✅ SSO simulado: usuarios institucionales ya existen.
[2026-05-22 22:37:39] INFO sged – ✅ SGED listo en http://0.0.0.0:8000/api/v1
[2026-05-22 22:37:50] INFO sged – 📧 Email enviado a andryw.barrera@uptc.edu.co — Asunto: ℹ️  Aviso del Sistema – SGED UPTC
[2026-05-22 22:37:50] INFO sged – 📋 Reserva 6a11210c42580200c5dc76e2 creada por usuario 6a10b40f9f1292ecf5c0e8ad.
[2026-05-22 22:50:41] INFO sged – 🔌 MongoDB desconectado.
[2026-05-22 22:50:41] INFO sged – 🛑 SGED detenido.
[2026-05-22 22:50:45] INFO sged – 🚀 Iniciando SGED API v1.0.0 [development]
[2026-05-22 22:50:51] INFO sged – ✅ MongoDB conectado → mongodb+srv://andrywbarrera:SGEDUPTC@sgedcluster.yyzatcs.mongodb.net/?retryWrites=true&w=majority / DataBaseSGED
[2026-05-22 22:50:53] INFO sged – ✅ Índices de MongoDB creados/verificados.
[2026-05-22 22:50:53] INFO sged – ✅ SSO simulado: usuarios institucionales ya existen.
[2026-05-22 22:50:53] INFO sged – ✅ SGED listo en http://0.0.0.0:8000/api/v1
[2026-05-22 23:02:48] INFO sged – 🔌 MongoDB desconectado.
[2026-05-22 23:02:48] INFO sged – 🛑 SGED detenido.
[2026-05-22 23:02:53] INFO sged – 🚀 Iniciando SGED API v1.0.0 [development]
[2026-05-22 23:02:58] INFO sged – ✅ MongoDB conectado → mongodb+srv://andrywbarrera:SGEDUPTC@sgedcluster.yyzatcs.mongodb.net/?retryWrites=true&w=majority / DataBaseSGED
[2026-05-22 23:03:00] INFO sged – ✅ Índices de MongoDB creados/verificados.
[2026-05-22 23:03:01] INFO sged – ✅ SSO simulado: usuarios institucionales ya existen.
[2026-05-22 23:03:01] INFO sged – ✅ SGED listo en http://0.0.0.0:8000/api/v1
[2026-05-22 23:08:41] INFO sged – 🔌 MongoDB desconectado.
[2026-05-22 23:08:41] INFO sged – 🛑 SGED detenido.
[2026-05-22 23:08:46] INFO sged – 🚀 Iniciando SGED API v1.0.0 [development]
[2026-05-22 23:08:51] INFO sged – ✅ MongoDB conectado → mongodb+srv://andrywbarrera:SGEDUPTC@sgedcluster.yyzatcs.mongodb.net/?retryWrites=true&w=majority / DataBaseSGED
[2026-05-22 23:08:53] INFO sged – ✅ Índices de MongoDB creados/verificados.
[2026-05-22 23:08:54] INFO sged – ✅ SSO simulado: usuarios institucionales ya existen.
[2026-05-22 23:08:54] INFO sged – ✅ SGED listo en http://0.0.0.0:8000/api/v1
[2026-05-22 23:09:18] INFO sged – 🔌 MongoDB desconectado.
[2026-05-22 23:09:18] INFO sged – 🛑 SGED detenido.
[2026-05-22 23:09:25] INFO sged – 🚀 Iniciando SGED API v1.0.0 [development]
[2026-05-22 23:09:30] INFO sged – ✅ MongoDB conectado → mongodb+srv://andrywbarrera:SGEDUPTC@sgedcluster.yyzatcs.mongodb.net/?retryWrites=true&w=majority / DataBaseSGED
[2026-05-22 23:09:32] INFO sged – ✅ Índices de MongoDB creados/verificados.
[2026-05-22 23:09:33] INFO sged – ✅ SSO simulado: usuarios institucionales ya existen.
[2026-05-22 23:09:33] INFO sged – ✅ SGED listo en http://0.0.0.0:8000/api/v1
[2026-05-22 23:13:41] INFO sged – 🔌 MongoDB desconectado.
[2026-05-22 23:13:41] INFO sged – 🛑 SGED detenido.
[2026-05-22 23:13:55] INFO sged – 🚀 Iniciando SGED API v1.0.0 [development]
[2026-05-22 23:14:03] INFO sged – ✅ MongoDB conectado → mongodb+srv://andrywbarrera:SGEDUPTC@sgedcluster.yyzatcs.mongodb.net/?retryWrites=true&w=majority / DataBaseSGED
[2026-05-22 23:14:05] INFO sged – ✅ Índices de MongoDB creados/verificados.
[2026-05-22 23:14:05] INFO sged – ✅ SSO simulado: usuarios institucionales ya existen.
[2026-05-22 23:14:05] INFO sged – ✅ SGED listo en http://0.0.0.0:8000/api/v1
[2026-05-22 23:14:30] INFO sged – 🔌 MongoDB desconectado.
[2026-05-22 23:14:30] INFO sged – 🛑 SGED detenido.
[2026-05-22 23:14:35] INFO sged – 🚀 Iniciando SGED API v1.0.0 [development]
[2026-05-22 23:14:40] INFO sged – ✅ MongoDB conectado → mongodb+srv://andrywbarrera:SGEDUPTC@sgedcluster.yyzatcs.mongodb.net/?retryWrites=true&w=majority / DataBaseSGED
[2026-05-22 23:14:42] INFO sged – ✅ Índices de MongoDB creados/verificados.
[2026-05-22 23:14:43] INFO sged – ✅ SSO simulado: usuarios institucionales ya existen.
[2026-05-22 23:14:43] INFO sged – ✅ SGED listo en http://0.0.0.0:8000/api/v1
[2026-05-22 23:30:33] WARNING sged – Token inválido: Signature has expired.
[2026-05-22 23:30:33] WARNING sged – Token inválido: Signature has expired.
[2026-05-22 23:30:33] WARNING sged – Token inválido: Signature has expired.
[2026-05-22 23:30:33] WARNING sged – Token inválido: Signature has expired.
[2026-05-22 23:30:34] WARNING sged – Token inválido: Signature has expired.
[2026-05-22 23:30:34] WARNING sged – Token inválido: Signature has expired.
[2026-05-22 23:30:35] WARNING sged – Token inválido: Signature has expired.
[2026-05-22 23:30:35] WARNING sged – Token inválido: Signature has expired.
[2026-05-22 23:30:51] INFO sged – 🔑 Login exitoso: andryw.barrera@uptc.edu.co [Estudiante]
[2026-05-22 23:46:48] INFO sged – 👋 Logout: usuario 6a10b40f9f1292ecf5c0e8ad
[2026-05-22 23:46:52] INFO sged – 🔑 Login exitoso: coordinador@uptc.edu.co [Administrativo]
[2026-05-22 23:47:11] INFO sged – 👋 Logout: usuario 6a10b40e9f1292ecf5c0e8ac
[2026-05-22 23:47:16] INFO sged – 🔑 Login exitoso: andryw.barrera@uptc.edu.co [Estudiante]
[2026-05-22 23:50:59] INFO sged – 🔌 MongoDB desconectado.
[2026-05-22 23:50:59] INFO sged – 🛑 SGED detenido.
[2026-05-22 23:51:25] INFO sged – 🚀 Iniciando SGED API v1.0.0 [development]
[2026-05-22 23:51:31] INFO sged – ✅ MongoDB conectado → mongodb+srv://andrywbarrera:SGEDUPTC@sgedcluster.yyzatcs.mongodb.net/?retryWrites=true&w=majority / DataBaseSGED
[2026-05-22 23:51:33] INFO sged – ✅ Índices de MongoDB creados/verificados.
[2026-05-22 23:51:33] INFO sged – ✅ SSO simulado: usuarios institucionales ya existen.
[2026-05-22 23:51:33] INFO sged – ✅ SGED listo en http://0.0.0.0:8000/api/v1
[2026-05-22 23:51:34] INFO sged – 🔌 MongoDB desconectado.
[2026-05-22 23:51:34] INFO sged – 🛑 SGED detenido.
[2026-05-22 23:51:39] INFO sged – 🚀 Iniciando SGED API v1.0.0 [development]
[2026-05-22 23:51:44] INFO sged – ✅ MongoDB conectado → mongodb+srv://andrywbarrera:SGEDUPTC@sgedcluster.yyzatcs.mongodb.net/?retryWrites=true&w=majority / DataBaseSGED
[2026-05-22 23:51:46] INFO sged – ✅ Índices de MongoDB creados/verificados.
[2026-05-22 23:51:47] INFO sged – ✅ SSO simulado: usuarios institucionales ya existen.
[2026-05-22 23:51:47] INFO sged – ✅ SGED listo en http://0.0.0.0:8000/api/v1
[2026-05-23 00:21:34] INFO sged – 🔌 MongoDB desconectado.
[2026-05-23 00:21:34] INFO sged – 🛑 SGED detenido.
[2026-05-23 00:21:41] INFO sged – 🚀 Iniciando SGED API v1.0.0 [development]
[2026-05-23 00:21:47] INFO sged – ✅ MongoDB conectado → mongodb+srv://andrywbarrera:SGEDUPTC@sgedcluster.yyzatcs.mongodb.net/?retryWrites=true&w=majority / DataBaseSGED
[2026-05-23 00:21:49] INFO sged – ✅ Índices de MongoDB creados/verificados.
[2026-05-23 00:21:50] INFO sged – ✅ SSO simulado: usuarios institucionales ya existen.
[2026-05-23 00:21:50] INFO sged – ✅ SGED listo en http://0.0.0.0:8000/api/v1
[2026-05-23 00:23:58] INFO sged – 🔌 MongoDB desconectado.
[2026-05-23 00:23:58] INFO sged – 🛑 SGED detenido.
[2026-05-23 00:24:03] INFO sged – 🚀 Iniciando SGED API v1.0.0 [development]
[2026-05-23 00:24:09] INFO sged – ✅ MongoDB conectado → mongodb+srv://andrywbarrera:SGEDUPTC@sgedcluster.yyzatcs.mongodb.net/?retryWrites=true&w=majority / DataBaseSGED
[2026-05-23 00:24:11] INFO sged – ✅ Índices de MongoDB creados/verificados.
[2026-05-23 00:24:12] INFO sged – ✅ SSO simulado: usuarios institucionales ya existen.
[2026-05-23 00:24:12] INFO sged – ✅ SGED listo en http://0.0.0.0:8000/api/v1
[2026-05-23 00:26:14] INFO sged – 🔌 MongoDB desconectado.
[2026-05-23 00:26:14] INFO sged – 🛑 SGED detenido.
[2026-05-23 00:26:24] INFO sged – 🚀 Iniciando SGED API v1.0.0 [development]
[2026-05-23 00:26:30] INFO sged – ✅ MongoDB conectado → mongodb+srv://andrywbarrera:SGEDUPTC@sgedcluster.yyzatcs.mongodb.net/?retryWrites=true&w=majority / DataBaseSGED
[2026-05-23 00:26:32] INFO sged – ✅ Índices de MongoDB creados/verificados.
[2026-05-23 00:26:33] INFO sged – ✅ SSO simulado: usuarios institucionales ya existen.
[2026-05-23 00:26:33] INFO sged – ✅ SGED listo en http://0.0.0.0:8000/api/v1
[2026-05-23 00:28:50] INFO sged – 👋 Logout: usuario 6a10b40f9f1292ecf5c0e8ad
[2026-05-23 00:28:54] INFO sged – 🔑 Login exitoso: coordinador@uptc.edu.co [Administrativo]
[2026-05-23 00:36:34] INFO sged – 🔌 MongoDB desconectado.
[2026-05-23 00:36:34] INFO sged – 🛑 SGED detenido.
[2026-05-23 00:36:48] INFO sged – 🚀 Iniciando SGED API v1.0.0 [development]
[2026-05-23 00:36:54] INFO sged – ✅ MongoDB conectado → mongodb+srv://andrywbarrera:SGEDUPTC@sgedcluster.yyzatcs.mongodb.net/?retryWrites=true&w=majority / DataBaseSGED
[2026-05-23 00:36:56] INFO sged – ✅ Índices de MongoDB creados/verificados.
[2026-05-23 00:36:57] INFO sged – ✅ SSO simulado: usuarios institucionales ya existen.
[2026-05-23 00:36:57] INFO sged – ✅ SGED listo en http://0.0.0.0:8000/api/v1
[2026-05-23 00:37:32] INFO sged – 🔑 Login exitoso: coordinador@uptc.edu.co [Administrativo]
[2026-05-23 00:41:56] INFO sged – 👋 Logout: usuario 6a10b40e9f1292ecf5c0e8ac
[2026-05-23 00:42:00] INFO sged – 🔑 Login exitoso: andryw.barrera@uptc.edu.co [Estudiante]
[2026-05-23 00:42:16] INFO sged – 📧 Email enviado a andryw.barrera@uptc.edu.co — Asunto: ℹ️  Aviso del Sistema – SGED UPTC
[2026-05-23 00:42:16] INFO sged – 📋 Reserva 6a113e34f6df2ecd0b175f75 creada por usuario 6a10b40f9f1292ecf5c0e8ad.
[2026-05-23 00:46:41] INFO sged – 📧 Email enviado a andryw.barrera@uptc.edu.co — Asunto: ℹ️  Aviso del Sistema – SGED UPTC
[2026-05-23 00:46:41] INFO sged – 📋 Reserva 6a113f3ff6df2ecd0b175f77 creada por usuario 6a10b40f9f1292ecf5c0e8ad.
[2026-05-23 00:55:40] INFO sged – 📧 Email enviado a andryw.barrera@uptc.edu.co — Asunto: ℹ️  Aviso del Sistema – SGED UPTC
[2026-05-23 00:55:40] INFO sged – 📋 Reserva 6a11415af6df2ecd0b175f79 creada por usuario 6a10b40f9f1292ecf5c0e8ad.
[2026-05-23 00:56:29] INFO sged – 📧 Email enviado a andryw.barrera@uptc.edu.co — Asunto: ℹ️  Aviso del Sistema – SGED UPTC
[2026-05-23 00:56:29] INFO sged – 📋 Reserva 6a11418bf6df2ecd0b175f7b creada por usuario 6a10b40f9f1292ecf5c0e8ad.
[2026-05-23 00:59:09] INFO sged – 📧 Email enviado a andryw.barrera@uptc.edu.co — Asunto: ℹ️  Aviso del Sistema – SGED UPTC
[2026-05-23 00:59:09] INFO sged – 📋 Reserva 6a11422bf6df2ecd0b175f7d creada por usuario 6a10b40f9f1292ecf5c0e8ad.
[2026-05-23 01:07:29] INFO sged – 📧 Email enviado a andryw.barrera@uptc.edu.co — Asunto: ℹ️  Aviso del Sistema – SGED UPTC
[2026-05-23 01:07:29] INFO sged – 📋 Reserva 6a11441ef6df2ecd0b175f7f creada por usuario 6a10b40f9f1292ecf5c0e8ad.
[2026-05-23 01:08:18] INFO sged – 📧 Email enviado a andryw.barrera@uptc.edu.co — Asunto: ℹ️  Aviso del Sistema – SGED UPTC
[2026-05-23 01:08:18] INFO sged – 📋 Reserva 6a114450f6df2ecd0b175f81 creada por usuario 6a10b40f9f1292ecf5c0e8ad.
[2026-05-23 01:09:00] INFO sged – 📧 Email enviado a andryw.barrera@uptc.edu.co — Asunto: ℹ️  Aviso del Sistema – SGED UPTC
[2026-05-23 01:09:00] INFO sged – 📋 Reserva 6a11447af6df2ecd0b175f83 creada por usuario 6a10b40f9f1292ecf5c0e8ad.
[2026-05-23 01:12:31] INFO sged – 📧 Email enviado a andryw.barrera@uptc.edu.co — Asunto: ℹ️  Aviso del Sistema – SGED UPTC
[2026-05-23 01:12:31] INFO sged – 📋 Reserva 6a11454cf6df2ecd0b175f85 creada por usuario 6a10b40f9f1292ecf5c0e8ad.
[2026-05-23 01:13:03] INFO sged – 📧 Email enviado a andryw.barrera@uptc.edu.co — Asunto: ℹ️  Aviso del Sistema – SGED UPTC
[2026-05-23 01:13:03] INFO sged – 📋 Reserva 6a11456df6df2ecd0b175f87 creada por usuario 6a10b40f9f1292ecf5c0e8ad.
[2026-05-23 01:13:38] INFO sged – 📧 Email enviado a andryw.barrera@uptc.edu.co — Asunto: ℹ️  Aviso del Sistema – SGED UPTC
[2026-05-23 01:13:38] INFO sged – 📋 Reserva 6a11458ef6df2ecd0b175f89 creada por usuario 6a10b40f9f1292ecf5c0e8ad.
[2026-05-23 01:21:47] INFO sged – 🔌 MongoDB desconectado.
[2026-05-23 01:21:47] INFO sged – 🛑 SGED detenido.
[2026-05-23 01:21:52] INFO sged – 🚀 Iniciando SGED API v1.0.0 [development]
[2026-05-23 01:21:58] INFO sged – ✅ MongoDB conectado → mongodb+srv://andrywbarrera:SGEDUPTC@sgedcluster.yyzatcs.mongodb.net/?retryWrites=true&w=majority / DataBaseSGED
[2026-05-23 01:22:00] INFO sged – ✅ Índices de MongoDB creados/verificados.
[2026-05-23 01:22:01] INFO sged – ✅ SSO simulado: usuarios institucionales ya existen.
[2026-05-23 01:22:01] INFO sged – ✅ SGED listo en http://0.0.0.0:8000/api/v1
[2026-05-23 01:22:01] INFO sged – 🔌 MongoDB desconectado.
[2026-05-23 01:22:01] INFO sged – 🛑 SGED detenido.
[2026-05-23 01:22:13] INFO sged – 🚀 Iniciando SGED API v1.0.0 [development]
[2026-05-23 01:22:19] INFO sged – ✅ MongoDB conectado → mongodb+srv://andrywbarrera:SGEDUPTC@sgedcluster.yyzatcs.mongodb.net/?retryWrites=true&w=majority / DataBaseSGED
[2026-05-23 01:22:21] INFO sged – ✅ Índices de MongoDB creados/verificados.
[2026-05-23 01:22:22] INFO sged – ✅ SSO simulado: usuarios institucionales ya existen.
[2026-05-23 01:22:22] INFO sged – ✅ SGED listo en http://0.0.0.0:8000/api/v1
[2026-05-23 01:22:29] INFO sged – 🔌 MongoDB desconectado.
[2026-05-23 01:22:29] INFO sged – 🛑 SGED detenido.
[2026-05-23 01:22:35] INFO sged – 🚀 Iniciando SGED API v1.0.0 [development]
[2026-05-23 01:22:41] INFO sged – ✅ MongoDB conectado → mongodb+srv://andrywbarrera:SGEDUPTC@sgedcluster.yyzatcs.mongodb.net/?retryWrites=true&w=majority / DataBaseSGED
[2026-05-23 01:22:43] INFO sged – ✅ Índices de MongoDB creados/verificados.
[2026-05-23 01:22:43] INFO sged – ✅ SSO simulado: usuarios institucionales ya existen.
[2026-05-23 01:22:43] INFO sged – ✅ SGED listo en http://0.0.0.0:8000/api/v1
[2026-05-23 01:22:51] INFO sged – 🔌 MongoDB desconectado.
[2026-05-23 01:22:51] INFO sged – 🛑 SGED detenido.
[2026-05-23 01:22:56] INFO sged – 🚀 Iniciando SGED API v1.0.0 [development]
[2026-05-23 01:23:01] INFO sged – ✅ MongoDB conectado → mongodb+srv://andrywbarrera:SGEDUPTC@sgedcluster.yyzatcs.mongodb.net/?retryWrites=true&w=majority / DataBaseSGED
[2026-05-23 01:23:04] INFO sged – ✅ Índices de MongoDB creados/verificados.
[2026-05-23 01:23:04] INFO sged – ✅ SSO simulado: usuarios institucionales ya existen.
[2026-05-23 01:23:04] INFO sged – ✅ SGED listo en http://0.0.0.0:8000/api/v1
[2026-05-23 01:23:16] INFO sged – 📧 Email enviado a andryw.barrera@uptc.edu.co — Asunto: ℹ️  Aviso del Sistema – SGED UPTC
[2026-05-23 01:23:16] INFO sged – 📋 Reserva 6a1147d2172825710c9e61e3 creada por usuario 6a10b40f9f1292ecf5c0e8ad.
[2026-05-23 01:23:24] INFO sged – 👋 Logout: usuario 6a10b40f9f1292ecf5c0e8ad
[2026-05-23 01:23:27] INFO sged – 🔑 Login exitoso: coordinador@uptc.edu.co [Administrativo]
[2026-05-23 01:23:53] INFO sged – ✅ Reserva 6a1147d2172825710c9e61e3 APROBADA por admin 6a10b40e9f1292ecf5c0e8ac.
[2026-05-23 01:23:55] INFO sged – 📧 Email enviado a andryw.barrera@uptc.edu.co — Asunto: ✅ Reserva Confirmada – SGED UPTC
[2026-05-23 01:24:41] INFO sged – 👋 Logout: usuario 6a10b40e9f1292ecf5c0e8ac
[2026-05-23 01:24:47] INFO sged – 🔑 Login exitoso: andryw.barrera@uptc.edu.co [Estudiante]
[2026-05-24 12:00:18] INFO sged – 🚀 Iniciando SGED API v1.0.0 [development]
[2026-05-24 12:00:32] INFO sged – ✅ MongoDB conectado → mongodb+srv://andrywbarrera:SGEDUPTC@sgedcluster.yyzatcs.mongodb.net/?retryWrites=true&w=majority / DataBaseSGED
[2026-05-24 12:00:34] INFO sged – ✅ Índices de MongoDB creados/verificados.
[2026-05-24 12:00:34] INFO sged – ✅ SSO simulado: usuarios institucionales ya existen.
[2026-05-24 12:00:34] INFO sged – ✅ SGED listo en http://0.0.0.0:8000/api/v1
[2026-05-24 12:06:14] INFO sged – 🔌 MongoDB desconectado.
[2026-05-24 12:06:14] INFO sged – 🛑 SGED detenido.
[2026-05-24 12:07:06] INFO sged – 🚀 Iniciando SGED API v1.0.0 [development]
[2026-05-24 12:07:11] INFO sged – ✅ MongoDB conectado → mongodb+srv://andrywbarrera:SGEDUPTC@sgedcluster.yyzatcs.mongodb.net/?retryWrites=true&w=majority / DataBaseSGED
[2026-05-24 12:07:13] INFO sged – ✅ Índices de MongoDB creados/verificados.
[2026-05-24 12:07:14] INFO sged – ✅ SSO simulado: usuarios institucionales ya existen.
[2026-05-24 12:07:14] INFO sged – ✅ SGED listo en http://0.0.0.0:8000/api/v1
[2026-05-24 12:14:57] INFO sged – 🔌 MongoDB desconectado.
[2026-05-24 12:14:57] INFO sged – 🛑 SGED detenido.
[2026-05-24 12:15:03] INFO sged – 🚀 Iniciando SGED API v1.0.0 [development]
[2026-05-24 12:15:09] INFO sged – ✅ MongoDB conectado → mongodb+srv://andrywbarrera:SGEDUPTC@sgedcluster.yyzatcs.mongodb.net/?retryWrites=true&w=majority / DataBaseSGED
[2026-05-24 12:15:11] INFO sged – ✅ Índices de MongoDB creados/verificados.
[2026-05-24 12:15:11] INFO sged – ✅ SSO simulado: usuarios institucionales ya existen.
[2026-05-24 12:15:11] INFO sged – ✅ SGED listo en http://0.0.0.0:8000/api/v1
[2026-05-24 12:20:02] INFO sged – 🔌 MongoDB desconectado.
[2026-05-24 12:20:03] INFO sged – 🛑 SGED detenido.
[2026-05-24 12:20:08] INFO sged – 🚀 Iniciando SGED API v1.0.0 [development]
[2026-05-24 12:20:14] INFO sged – ✅ MongoDB conectado → mongodb+srv://andrywbarrera:SGEDUPTC@sgedcluster.yyzatcs.mongodb.net/?retryWrites=true&w=majority / DataBaseSGED
[2026-05-24 12:20:16] INFO sged – ✅ Índices de MongoDB creados/verificados.
[2026-05-24 12:20:17] INFO sged – ✅ SSO simulado: usuarios institucionales ya existen.
[2026-05-24 12:20:17] INFO sged – ✅ SGED listo en http://0.0.0.0:8000/api/v1
[2026-05-24 12:21:44] INFO sged – 🔌 MongoDB desconectado.
[2026-05-24 12:21:44] INFO sged – 🛑 SGED detenido.
[2026-05-24 12:21:52] INFO sged – 🚀 Iniciando SGED API v1.0.0 [development]
[2026-05-24 12:21:57] INFO sged – ✅ MongoDB conectado → mongodb+srv://andrywbarrera:SGEDUPTC@sgedcluster.yyzatcs.mongodb.net/?retryWrites=true&w=majority / DataBaseSGED
[2026-05-24 12:21:59] INFO sged – ✅ Índices de MongoDB creados/verificados.
[2026-05-24 12:22:00] INFO sged – ✅ SSO simulado: usuarios institucionales ya existen.
[2026-05-24 12:22:00] INFO sged – ✅ SGED listo en http://0.0.0.0:8000/api/v1
[2026-05-24 12:22:54] INFO sged – 🔌 MongoDB desconectado.
[2026-05-24 12:22:54] INFO sged – 🛑 SGED detenido.
[2026-05-24 12:23:01] INFO sged – 🚀 Iniciando SGED API v1.0.0 [development]
[2026-05-24 12:23:08] INFO sged – ✅ MongoDB conectado → mongodb+srv://andrywbarrera:SGEDUPTC@sgedcluster.yyzatcs.mongodb.net/?retryWrites=true&w=majority / DataBaseSGED
[2026-05-24 12:23:10] INFO sged – ✅ Índices de MongoDB creados/verificados.
[2026-05-24 12:23:11] INFO sged – ✅ SSO simulado: usuarios institucionales ya existen.
[2026-05-24 12:23:11] INFO sged – ✅ SGED listo en http://0.0.0.0:8000/api/v1
[2026-05-24 12:23:45] INFO sged – 🔌 MongoDB desconectado.
[2026-05-24 12:23:45] INFO sged – 🛑 SGED detenido.
[2026-05-24 12:23:50] INFO sged – 🚀 Iniciando SGED API v1.0.0 [development]
[2026-05-24 12:23:55] INFO sged – ✅ MongoDB conectado → mongodb+srv://andrywbarrera:SGEDUPTC@sgedcluster.yyzatcs.mongodb.net/?retryWrites=true&w=majority / DataBaseSGED
[2026-05-24 12:23:57] INFO sged – ✅ Índices de MongoDB creados/verificados.
[2026-05-24 12:23:58] INFO sged – ✅ SSO simulado: usuarios institucionales ya existen.
[2026-05-24 12:23:58] INFO sged – ✅ SGED listo en http://0.0.0.0:8000/api/v1
[2026-05-24 12:24:23] INFO sged – 🔌 MongoDB desconectado.
[2026-05-24 12:24:23] INFO sged – 🛑 SGED detenido.
[2026-05-24 12:24:27] INFO sged – 🚀 Iniciando SGED API v1.0.0 [development]
[2026-05-24 12:24:33] INFO sged – ✅ MongoDB conectado → mongodb+srv://andrywbarrera:SGEDUPTC@sgedcluster.yyzatcs.mongodb.net/?retryWrites=true&w=majority / DataBaseSGED
[2026-05-24 12:24:35] INFO sged – ✅ Índices de MongoDB creados/verificados.
[2026-05-24 12:24:36] INFO sged – ✅ SSO simulado: usuarios institucionales ya existen.
[2026-05-24 12:24:36] INFO sged – ✅ SGED listo en http://0.0.0.0:8000/api/v1
[2026-05-24 12:46:09] INFO sged – 🚀 Iniciando SGED API v1.0.0 [development]
[2026-05-24 12:46:15] INFO sged – ✅ MongoDB conectado → mongodb+srv://andrywbarrera:SGEDUPTC@sgedcluster.yyzatcs.mongodb.net/?retryWrites=true&w=majority / DataBaseSGED
[2026-05-24 12:46:17] INFO sged – ✅ Índices de MongoDB creados/verificados.
[2026-05-24 12:46:17] INFO sged – ✅ SSO simulado: usuarios institucionales ya existen.
[2026-05-24 12:46:17] INFO sged – ✅ SGED listo en http://0.0.0.0:8000/api/v1
[2026-05-24 12:52:57] INFO sged – 🔑 Login exitoso: andryw.barrera@uptc.edu.co [Estudiante]
[2026-05-24 13:29:44] INFO sged – 🔑 Login exitoso: coordinador@uptc.edu.co [Administrativo]
[2026-05-24 13:48:33] INFO sged – 🚀 Iniciando SGED API v1.0.0 [development]
[2026-05-24 13:48:55] INFO sged – ✅ MongoDB conectado → mongodb+srv://andrywbarrera:SGEDUPTC@sgedcluster.yyzatcs.mongodb.net/?retryWrites=true&w=majority / DataBaseSGED
[2026-05-24 13:48:56] INFO sged – ✅ Índices de MongoDB creados/verificados.
[2026-05-24 13:48:57] INFO sged – ✅ SSO simulado: usuarios institucionales ya existen.
[2026-05-24 13:48:57] INFO sged – ✅ SGED listo en http://0.0.0.0:8000/api/v1
[2026-05-24 14:49:11] INFO sged – 🔌 MongoDB desconectado.
[2026-05-24 14:49:11] INFO sged – 🛑 SGED detenido.
[2026-05-24 14:50:05] INFO sged – 🚀 Iniciando SGED API v1.0.0 [development]
[2026-05-24 14:50:13] INFO sged – ✅ MongoDB conectado → mongodb+srv://andrywbarrera:SGEDUPTC@sgedcluster.yyzatcs.mongodb.net/?retryWrites=true&w=majority / DataBaseSGED
[2026-05-24 14:50:15] INFO sged – ✅ Índices de MongoDB creados/verificados.
[2026-05-24 14:50:15] INFO sged – ✅ SSO simulado: usuarios institucionales ya existen.
[2026-05-24 14:50:15] INFO sged – ✅ SGED listo en http://0.0.0.0:8000/api/v1
[2026-05-24 14:54:58] WARNING sged – Token inválido: Signature has expired.
[2026-05-24 14:54:58] WARNING sged – Token inválido: Signature has expired.
[2026-05-24 14:54:58] WARNING sged – Token inválido: Signature has expired.
[2026-05-24 14:54:58] WARNING sged – Token inválido: Signature has expired.
[2026-05-24 14:55:23] INFO sged – 🔑 Login exitoso: andryw.barrera@uptc.edu.co [Estudiante]
[2026-05-24 15:06:15] INFO sged – 📧 Email enviado a andryw.barrera@uptc.edu.co — Asunto: ℹ️  Aviso del Sistema – SGED UPTC
[2026-05-24 15:06:15] INFO sged – 📋 Reserva 6a135a3333244fcf38321107 creada por usuario 6a10b40f9f1292ecf5c0e8ad.
[2026-05-24 15:13:51] INFO sged – 🔑 Login exitoso: andryw.barrera@uptc.edu.co [Estudiante]
[2026-05-24 15:29:47] INFO sged – 👋 Logout: usuario 6a10b40f9f1292ecf5c0e8ad
[2026-05-24 15:29:54] INFO sged – 🔑 Login exitoso: andryw.barrera@uptc.edu.co [Estudiante]
[2026-05-24 15:42:49] INFO sged – 📧 Email enviado a andryw.barrera@uptc.edu.co — Asunto: ℹ️  Aviso del Sistema – SGED UPTC
[2026-05-24 15:42:49] INFO sged – 📋 Reserva 6a1362c633244fcf3832110b creada por usuario 6a10b40f9f1292ecf5c0e8ad.
[2026-05-24 15:48:15] INFO sged – 📧 Email enviado a andryw.barrera@uptc.edu.co — Asunto: ℹ️  Aviso del Sistema – SGED UPTC
[2026-05-24 15:48:15] INFO sged – 📋 Reserva 6a13640d33244fcf3832110d creada por usuario 6a10b40f9f1292ecf5c0e8ad.
[2026-05-24 15:51:16] INFO sged – 📧 Email enviado a andryw.barrera@uptc.edu.co — Asunto: ℹ️  Aviso del Sistema – SGED UPTC
[2026-05-24 15:51:16] INFO sged – 📋 Reserva 6a1364c233244fcf3832110f creada por usuario 6a10b40f9f1292ecf5c0e8ad.
[2026-05-24 16:04:58] INFO sged – 👋 Logout: usuario 6a10b40f9f1292ecf5c0e8ad
[2026-05-24 16:05:02] INFO sged – 🔑 Login exitoso: andryw.barrera@uptc.edu.co [Estudiante]
[2026-05-24 16:14:24] INFO sged – 👋 Logout: usuario 6a10b40f9f1292ecf5c0e8ad
[2026-05-24 16:14:27] INFO sged – 🔑 Login exitoso: coordinador@uptc.edu.co [Administrativo]
[2026-05-24 16:14:30] INFO sged – 👋 Logout: usuario 6a10b40e9f1292ecf5c0e8ac
[2026-05-24 16:14:34] INFO sged – 🔑 Login exitoso: andryw.barrera@uptc.edu.co [Estudiante]
[2026-05-24 16:14:39] INFO sged – 👋 Logout: usuario 6a10b40f9f1292ecf5c0e8ad
[2026-05-24 16:14:44] INFO sged – 🔑 Login exitoso: andryw.barrera@uptc.edu.co [Estudiante]
[2026-05-24 16:14:47] INFO sged – 👋 Logout: usuario 6a10b40f9f1292ecf5c0e8ad
[2026-05-24 16:14:52] INFO sged – 🔑 Login exitoso: andryw.barrera@uptc.edu.co [Estudiante]
[2026-05-24 16:15:04] INFO sged – 👋 Logout: usuario 6a10b40f9f1292ecf5c0e8ad
[2026-05-24 16:15:07] INFO sged – 🔑 Login exitoso: admin@uptc.edu.co [Administrador]
[2026-05-24 16:15:13] INFO sged – 👋 Logout: usuario 6a10b40d9f1292ecf5c0e8ab
[2026-05-24 16:16:41] INFO sged – 🔑 Login exitoso: andryw.barrera@uptc.edu.co [Estudiante]
[2026-05-24 16:16:44] INFO sged – 👋 Logout: usuario 6a10b40f9f1292ecf5c0e8ad
[2026-05-24 16:16:53] INFO sged – 🔑 Login exitoso: andryw.barrera@uptc.edu.co [Estudiante]
[2026-05-24 16:16:57] INFO sged – 👋 Logout: usuario 6a10b40f9f1292ecf5c0e8ad
[2026-05-24 16:17:13] INFO sged – 🔑 Login exitoso: andryw.barrera@uptc.edu.co [Estudiante]
[2026-05-24 17:12:38] INFO sged – 👋 Logout: usuario 6a10b40f9f1292ecf5c0e8ad
[2026-05-24 17:12:47] INFO sged – 🔑 Login exitoso: andryw.barrera@uptc.edu.co [Estudiante]
[2026-05-24 17:12:50] INFO sged – 👋 Logout: usuario 6a10b40f9f1292ecf5c0e8ad
[2026-05-24 17:13:25] INFO sged – 🔑 Login exitoso: andryw.barrera@uptc.edu.co [Estudiante]
[2026-05-24 17:22:28] INFO sged – 👋 Logout: usuario 6a10b40f9f1292ecf5c0e8ad
[2026-05-24 17:22:32] INFO sged – 🔑 Login exitoso: admin@uptc.edu.co [Administrador]
[2026-05-24 17:23:17] INFO sged – 👋 Logout: usuario 6a10b40d9f1292ecf5c0e8ab
[2026-05-24 17:23:20] INFO sged – 🔑 Login exitoso: andryw.barrera@uptc.edu.co [Estudiante]
[2026-05-24 18:24:48] WARNING sged – Token inválido: Signature has expired.
[2026-05-24 18:24:48] WARNING sged – Token inválido: Signature has expired.
[2026-05-24 18:24:48] WARNING sged – Token inválido: Signature has expired.
[2026-05-24 18:24:48] WARNING sged – Token inválido: Signature has expired.
[2026-05-24 18:24:48] WARNING sged – Token inválido: Signature has expired.
[2026-05-24 18:24:48] WARNING sged – Token inválido: Signature has expired.
[2026-05-24 18:24:48] WARNING sged – Token inválido: Signature has expired.
[2026-05-24 18:24:48] WARNING sged – Token inválido: Signature has expired.
[2026-05-24 18:24:56] INFO sged – 🔑 Login exitoso: andryw.barrera@uptc.edu.co [Estudiante]
[2026-05-24 19:01:36] INFO sged – 🚀 Iniciando SGED API v1.0.0 [development]
[2026-05-24 19:01:42] INFO sged – ✅ MongoDB conectado → mongodb+srv://andrywbarrera:SGEDUPTC@sgedcluster.yyzatcs.mongodb.net/?retryWrites=true&w=majority / DataBaseSGED
[2026-05-24 19:01:44] INFO sged – ✅ Índices de MongoDB creados/verificados.
[2026-05-24 19:01:44] INFO sged – ✅ SSO simulado: usuarios institucionales ya existen.
[2026-05-24 19:01:44] INFO sged – ✅ SGED listo en http://0.0.0.0:8000/api/v1
[2026-05-24 19:15:09] INFO sged – 🚀 Iniciando SGED API v1.0.0 [development]
[2026-05-24 19:15:17] INFO sged – ✅ MongoDB conectado → mongodb+srv://andrywbarrera:SGEDUPTC@sgedcluster.yyzatcs.mongodb.net/?retryWrites=true&w=majority / DataBaseSGED
[2026-05-24 19:15:19] INFO sged – ✅ Índices de MongoDB creados/verificados.
[2026-05-24 19:15:19] INFO sged – ✅ SSO simulado: usuarios institucionales ya existen.
[2026-05-24 19:15:19] INFO sged – ✅ SGED listo en http://0.0.0.0:8000/api/v1
[2026-05-24 19:15:40] INFO sged – 🔌 MongoDB desconectado.
[2026-05-24 19:15:40] INFO sged – 🛑 SGED detenido.
[2026-05-24 19:16:37] INFO sged – 🚀 Iniciando SGED API v1.0.0 [development]
[2026-05-24 19:16:43] INFO sged – ✅ MongoDB conectado → mongodb+srv://andrywbarrera:SGEDUPTC@sgedcluster.yyzatcs.mongodb.net/?retryWrites=true&w=majority / DataBaseSGED
[2026-05-24 19:16:45] INFO sged – ✅ Índices de MongoDB creados/verificados.
[2026-05-24 19:16:46] INFO sged – ✅ SSO simulado: usuarios institucionales ya existen.
[2026-05-24 19:16:46] INFO sged – ✅ SGED listo en http://0.0.0.0:8000/api/v1
[2026-05-24 19:25:08] WARNING sged – Token inválido: Signature has expired.
[2026-05-24 19:25:09] WARNING sged – Token inválido: Signature has expired.
[2026-05-24 19:25:09] WARNING sged – Token inválido: Signature has expired.
[2026-05-24 19:25:09] WARNING sged – Token inválido: Signature has expired.
[2026-05-24 19:25:09] WARNING sged – Token inválido: Signature has expired.
[2026-05-24 19:25:10] WARNING sged – Token inválido: Signature has expired.
[2026-05-24 19:25:10] WARNING sged – Token inválido: Signature has expired.
[2026-05-24 19:25:10] WARNING sged – Token inválido: Signature has expired.
[2026-05-24 19:25:19] INFO sged – 🔑 Login exitoso: andryw.barrera@uptc.edu.co [Estudiante]
[2026-05-24 19:32:09] INFO sged – 📧 Email enviado a andryw.barrera@uptc.edu.co — Asunto: ℹ️  Aviso del Sistema – SGED UPTC
[2026-05-24 19:32:09] INFO sged – 📋 Reserva 6a1398861ced381c6315d77d creada por usuario 6a10b40f9f1292ecf5c0e8ad.
[2026-05-24 19:35:38] INFO sged – 👋 Logout: usuario 6a10b40f9f1292ecf5c0e8ad
[2026-05-24 19:35:50] INFO sged – 🔑 Login exitoso: coordinador@uptc.edu.co [Administrativo]
[2026-05-24 19:41:10] INFO sged – 🔌 MongoDB desconectado.
[2026-05-24 19:41:10] INFO sged – 🛑 SGED detenido.
[2026-05-24 19:41:27] INFO sged – 🚀 Iniciando SGED API v1.0.0 [development]
[2026-05-24 19:41:35] INFO sged – ✅ MongoDB conectado → mongodb+srv://andrywbarrera:SGEDUPTC@sgedcluster.yyzatcs.mongodb.net/?retryWrites=true&w=majority / DataBaseSGED
[2026-05-24 19:41:37] INFO sged – ✅ Índices de MongoDB creados/verificados.
[2026-05-24 19:41:37] INFO sged – ✅ SSO simulado: usuarios institucionales ya existen.
[2026-05-24 19:41:37] INFO sged – ✅ SGED listo en http://0.0.0.0:8000/api/v1
[2026-05-24 19:44:14] INFO sged – ✅ Reserva 6a1398861ced381c6315d77d APROBADA por admin 6a10b40e9f1292ecf5c0e8ac.
[2026-05-24 19:44:17] INFO sged – 📧 Email enviado a andryw.barrera@uptc.edu.co — Asunto: ✅ Reserva Confirmada – SGED UPTC
[2026-05-24 19:45:21] INFO sged – ✅ Reserva 6a1398861ced381c6315d77d APROBADA por admin 6a10b40e9f1292ecf5c0e8ac.
[2026-05-24 19:45:23] INFO sged – 📧 Email enviado a andryw.barrera@uptc.edu.co — Asunto: ✅ Reserva Confirmada – SGED UPTC
[2026-05-24 19:50:19] INFO sged – ❌ Reserva 6a1398861ced381c6315d77d RECHAZADA por admin 6a10b40e9f1292ecf5c0e8ac. Motivo: porque si
[2026-05-24 19:50:20] INFO sged – 📧 Email enviado a andryw.barrera@uptc.edu.co — Asunto: ❌ Reserva Rechazada – SGED UPTC
[2026-05-24 19:59:11] INFO sged – ✅ Reserva 6a1398861ced381c6315d77d APROBADA por admin 6a10b40e9f1292ecf5c0e8ac.
[2026-05-24 19:59:13] INFO sged – 📧 Email enviado a andryw.barrera@uptc.edu.co — Asunto: ✅ Reserva Confirmada – SGED UPTC
[2026-05-24 20:00:15] INFO sged – ❌ Reserva 6a1398861ced381c6315d77d RECHAZADA por admin 6a10b40e9f1292ecf5c0e8ac. Motivo: qweqwe
[2026-05-24 20:00:17] INFO sged – 📧 Email enviado a andryw.barrera@uptc.edu.co — Asunto: ❌ Reserva Rechazada – SGED UPTC
[2026-05-24 20:46:39] WARNING sged – Token inválido: Signature has expired.
[2026-05-24 20:46:39] WARNING sged – Token inválido: Signature has expired.
[2026-05-24 20:47:03] INFO sged – ✅ Reserva 6a1398861ced381c6315d77d APROBADA por admin 6a10b40e9f1292ecf5c0e8ac.
[2026-05-24 20:47:06] INFO sged – 📧 Email enviado a andryw.barrera@uptc.edu.co — Asunto: ✅ Reserva Confirmada – SGED UPTC
[2026-05-24 20:57:56] INFO sged – ✅ Reserva 6a1398861ced381c6315d77d APROBADA por admin 6a10b40e9f1292ecf5c0e8ac.
[2026-05-24 20:57:58] INFO sged – 📧 Email enviado a andryw.barrera@uptc.edu.co — Asunto: ✅ Reserva Confirmada – SGED UPTC
[2026-05-24 21:08:55] INFO sged – ✅ Reserva 6a1398861ced381c6315d77d APROBADA por admin 6a10b40e9f1292ecf5c0e8ac.
[2026-05-24 21:08:57] INFO sged – 📧 Email enviado a andryw.barrera@uptc.edu.co — Asunto: ✅ Reserva Confirmada – SGED UPTC
[2026-05-24 21:20:22] INFO sged – 🔌 MongoDB desconectado.
[2026-05-24 21:20:22] INFO sged – 🛑 SGED detenido.
[2026-05-24 21:20:50] INFO sged – 🚀 Iniciando SGED API v1.0.0 [development]
[2026-05-24 21:20:57] INFO sged – ✅ MongoDB conectado → mongodb+srv://andrywbarrera:SGEDUPTC@sgedcluster.yyzatcs.mongodb.net/?retryWrites=true&w=majority / DataBaseSGED
[2026-05-24 21:21:00] INFO sged – ✅ Índices de MongoDB creados/verificados.
[2026-05-24 21:21:00] INFO sged – ✅ SSO simulado: usuarios institucionales ya existen.
[2026-05-24 21:21:00] INFO sged – ✅ SGED listo en http://0.0.0.0:8000/api/v1
[2026-05-24 21:21:00] INFO sged – 🔌 MongoDB desconectado.
[2026-05-24 21:21:00] INFO sged – 🛑 SGED detenido.
[2026-05-24 21:21:05] INFO sged – 🚀 Iniciando SGED API v1.0.0 [development]
[2026-05-24 21:21:10] INFO sged – ✅ MongoDB conectado → mongodb+srv://andrywbarrera:SGEDUPTC@sgedcluster.yyzatcs.mongodb.net/?retryWrites=true&w=majority / DataBaseSGED
[2026-05-24 21:21:12] INFO sged – ✅ Índices de MongoDB creados/verificados.
[2026-05-24 21:21:13] INFO sged – ✅ SSO simulado: usuarios institucionales ya existen.
[2026-05-24 21:21:13] INFO sged – ✅ SGED listo en http://0.0.0.0:8000/api/v1
[2026-05-24 21:22:26] INFO sged – ✅ Reserva 6a1398861ced381c6315d77d APROBADA por admin 6a10b40e9f1292ecf5c0e8ac.
[2026-05-24 21:22:28] INFO sged – 📧 Email enviado a andryw.barrera@uptc.edu.co — Asunto: ✅ Reserva Confirmada – SGED UPTC
[2026-05-24 21:23:28] INFO sged – 🔌 MongoDB desconectado.
[2026-05-24 21:23:28] INFO sged – 🛑 SGED detenido.
[2026-05-24 21:24:23] INFO sged – 🚀 Iniciando SGED API v1.0.0 [development]
[2026-05-24 21:24:29] INFO sged – ✅ MongoDB conectado → mongodb+srv://andrywbarrera:SGEDUPTC@sgedcluster.yyzatcs.mongodb.net/?retryWrites=true&w=majority / DataBaseSGED
[2026-05-24 21:24:31] INFO sged – ✅ Índices de MongoDB creados/verificados.
[2026-05-24 21:24:31] INFO sged – ✅ SSO simulado: usuarios institucionales ya existen.
[2026-05-24 21:24:31] INFO sged – ✅ SGED listo en http://0.0.0.0:8000/api/v1
[2026-05-24 21:25:42] INFO sged – ✅ Reserva 6a1398861ced381c6315d77d APROBADA por admin 6a10b40e9f1292ecf5c0e8ac.
[2026-05-24 21:25:47] INFO sged – 📧 Email enviado a andryw.barrera@uptc.edu.co — Asunto: ✅ Reserva Confirmada – SGED UPTC
[2026-05-24 21:40:40] INFO sged – 🔌 MongoDB desconectado.
[2026-05-24 21:40:40] INFO sged – 🛑 SGED detenido.
[2026-05-24 21:40:49] INFO sged – 🚀 Iniciando SGED API v1.0.0 [development]
[2026-05-24 21:40:56] INFO sged – ✅ MongoDB conectado → mongodb+srv://andrywbarrera:SGEDUPTC@sgedcluster.yyzatcs.mongodb.net/?retryWrites=true&w=majority / DataBaseSGED
[2026-05-24 21:40:58] INFO sged – ✅ Índices de MongoDB creados/verificados.
[2026-05-24 21:40:58] INFO sged – ✅ SSO simulado: usuarios institucionales ya existen.
[2026-05-24 21:40:58] INFO sged – ✅ SGED listo en http://0.0.0.0:8000/api/v1
[2026-05-24 21:40:58] INFO sged – 🔌 MongoDB desconectado.
[2026-05-24 21:40:58] INFO sged – 🛑 SGED detenido.
[2026-05-24 21:41:04] INFO sged – 🚀 Iniciando SGED API v1.0.0 [development]
[2026-05-24 21:41:09] INFO sged – ✅ MongoDB conectado → mongodb+srv://andrywbarrera:SGEDUPTC@sgedcluster.yyzatcs.mongodb.net/?retryWrites=true&w=majority / DataBaseSGED
[2026-05-24 21:41:11] INFO sged – ✅ Índices de MongoDB creados/verificados.
[2026-05-24 21:41:12] INFO sged – ✅ SSO simulado: usuarios institucionales ya existen.
[2026-05-24 21:41:12] INFO sged – ✅ SGED listo en http://0.0.0.0:8000/api/v1
[2026-05-24 21:41:27] INFO sged – 🔌 MongoDB desconectado.
[2026-05-24 21:41:27] INFO sged – 🛑 SGED detenido.
[2026-05-24 21:41:34] INFO sged – 🚀 Iniciando SGED API v1.0.0 [development]
[2026-05-24 21:41:40] INFO sged – ✅ MongoDB conectado → mongodb+srv://andrywbarrera:SGEDUPTC@sgedcluster.yyzatcs.mongodb.net/?retryWrites=true&w=majority / DataBaseSGED
[2026-05-24 21:41:42] INFO sged – ✅ Índices de MongoDB creados/verificados.
[2026-05-24 21:41:42] INFO sged – ✅ SSO simulado: usuarios institucionales ya existen.
[2026-05-24 21:41:42] INFO sged – ✅ SGED listo en http://0.0.0.0:8000/api/v1
[2026-05-24 21:42:52] INFO sged – 🔌 MongoDB desconectado.
[2026-05-24 21:42:52] INFO sged – 🛑 SGED detenido.
[2026-05-24 21:43:01] INFO sged – 🚀 Iniciando SGED API v1.0.0 [development]
[2026-05-24 21:43:07] INFO sged – ✅ MongoDB conectado → mongodb+srv://andrywbarrera:SGEDUPTC@sgedcluster.yyzatcs.mongodb.net/?retryWrites=true&w=majority / DataBaseSGED
[2026-05-24 21:43:09] INFO sged – ✅ Índices de MongoDB creados/verificados.
[2026-05-24 21:43:10] INFO sged – ✅ SSO simulado: usuarios institucionales ya existen.
[2026-05-24 21:43:10] INFO sged – ✅ SGED listo en http://0.0.0.0:8000/api/v1
[2026-05-24 21:43:10] INFO sged – 🔌 MongoDB desconectado.
[2026-05-24 21:43:10] INFO sged – 🛑 SGED detenido.
[2026-05-24 21:43:15] INFO sged – 🚀 Iniciando SGED API v1.0.0 [development]
[2026-05-24 21:43:20] INFO sged – ✅ MongoDB conectado → mongodb+srv://andrywbarrera:SGEDUPTC@sgedcluster.yyzatcs.mongodb.net/?retryWrites=true&w=majority / DataBaseSGED
[2026-05-24 21:43:23] INFO sged – ✅ Índices de MongoDB creados/verificados.
[2026-05-24 21:43:23] INFO sged – ✅ SSO simulado: usuarios institucionales ya existen.
[2026-05-24 21:43:23] INFO sged – ✅ SGED listo en http://0.0.0.0:8000/api/v1
[2026-05-24 21:43:28] INFO sged – 🔌 MongoDB desconectado.
[2026-05-24 21:43:28] INFO sged – 🛑 SGED detenido.
[2026-05-24 21:43:36] INFO sged – 🚀 Iniciando SGED API v1.0.0 [development]
[2026-05-24 21:43:41] INFO sged – ✅ MongoDB conectado → mongodb+srv://andrywbarrera:SGEDUPTC@sgedcluster.yyzatcs.mongodb.net/?retryWrites=true&w=majority / DataBaseSGED
[2026-05-24 21:43:43] INFO sged – ✅ Índices de MongoDB creados/verificados.
[2026-05-24 21:43:44] INFO sged – ✅ SSO simulado: usuarios institucionales ya existen.
[2026-05-24 21:43:44] INFO sged – ✅ SGED listo en http://0.0.0.0:8000/api/v1
[2026-05-24 21:43:44] INFO sged – 🔌 MongoDB desconectado.
[2026-05-24 21:43:44] INFO sged – 🛑 SGED detenido.
[2026-05-24 21:43:51] INFO sged – 🚀 Iniciando SGED API v1.0.0 [development]
[2026-05-24 21:43:57] INFO sged – ✅ MongoDB conectado → mongodb+srv://andrywbarrera:SGEDUPTC@sgedcluster.yyzatcs.mongodb.net/?retryWrites=true&w=majority / DataBaseSGED
[2026-05-24 21:43:59] INFO sged – ✅ Índices de MongoDB creados/verificados.
[2026-05-24 21:43:59] INFO sged – ✅ SSO simulado: usuarios institucionales ya existen.
[2026-05-24 21:43:59] INFO sged – ✅ SGED listo en http://0.0.0.0:8000/api/v1
[2026-05-24 21:44:47] INFO sged – 🔌 MongoDB desconectado.
[2026-05-24 21:44:47] INFO sged – 🛑 SGED detenido.
[2026-05-24 21:44:55] INFO sged – 🚀 Iniciando SGED API v1.0.0 [development]
[2026-05-24 21:45:01] INFO sged – ✅ MongoDB conectado → mongodb+srv://andrywbarrera:SGEDUPTC@sgedcluster.yyzatcs.mongodb.net/?retryWrites=true&w=majority / DataBaseSGED
[2026-05-24 21:45:03] INFO sged – ✅ Índices de MongoDB creados/verificados.
[2026-05-24 21:45:03] INFO sged – ✅ SSO simulado: usuarios institucionales ya existen.
[2026-05-24 21:45:03] INFO sged – ✅ SGED listo en http://0.0.0.0:8000/api/v1
[2026-05-24 21:45:46] INFO sged – 🔌 MongoDB desconectado.
[2026-05-24 21:45:46] INFO sged – 🛑 SGED detenido.
[2026-05-24 21:45:52] INFO sged – 🚀 Iniciando SGED API v1.0.0 [development]
[2026-05-24 21:45:58] INFO sged – ✅ MongoDB conectado → mongodb+srv://andrywbarrera:SGEDUPTC@sgedcluster.yyzatcs.mongodb.net/?retryWrites=true&w=majority / DataBaseSGED
[2026-05-24 21:46:00] INFO sged – ✅ Índices de MongoDB creados/verificados.
[2026-05-24 21:46:01] INFO sged – ✅ SSO simulado: usuarios institucionales ya existen.
[2026-05-24 21:46:01] INFO sged – ✅ SGED listo en http://0.0.0.0:8000/api/v1
[2026-05-24 21:47:40] WARNING sged – Token inválido: Signature has expired.
[2026-05-24 21:47:40] WARNING sged – Token inválido: Signature has expired.
[2026-05-24 21:47:41] WARNING sged – Token inválido: Signature has expired.
[2026-05-24 21:47:41] WARNING sged – Token inválido: Signature has expired.
[2026-05-24 21:47:59] INFO sged – 🔑 Login exitoso: coordinador@uptc.edu.co [Administrativo]
[2026-05-24 22:15:41] INFO sged – 👋 Logout: usuario 6a10b40e9f1292ecf5c0e8ac
[2026-05-24 22:15:46] INFO sged – 🔑 Login exitoso: admin@uptc.edu.co [Administrador]
[2026-05-24 22:16:26] INFO sged – 👋 Logout: usuario 6a10b40d9f1292ecf5c0e8ab
[2026-05-24 22:16:36] INFO sged – 🔑 Login exitoso: andryw.barrera@uptc.edu.co [Estudiante]
[2026-05-24 22:21:11] INFO sged – 🔌 MongoDB desconectado.
[2026-05-24 22:21:11] INFO sged – 🛑 SGED detenido.
[2026-05-24 22:21:17] INFO sged – 🚀 Iniciando SGED API v1.0.0 [development]
[2026-05-24 22:21:24] INFO sged – ✅ MongoDB conectado → mongodb+srv://andrywbarrera:SGEDUPTC@sgedcluster.yyzatcs.mongodb.net/?retryWrites=true&w=majority / DataBaseSGED
[2026-05-24 22:21:26] INFO sged – ✅ Índices de MongoDB creados/verificados.
[2026-05-24 22:21:26] INFO sged – ✅ SSO simulado: usuarios institucionales ya existen.
[2026-05-24 22:21:26] INFO sged – ✅ SGED listo en http://0.0.0.0:8000/api/v1
[2026-05-24 22:22:58] INFO sged – 🔌 MongoDB desconectado.
[2026-05-24 22:22:58] INFO sged – 🛑 SGED detenido.
[2026-05-24 22:23:04] INFO sged – 🚀 Iniciando SGED API v1.0.0 [development]
[2026-05-24 22:23:10] INFO sged – ✅ MongoDB conectado → mongodb+srv://andrywbarrera:SGEDUPTC@sgedcluster.yyzatcs.mongodb.net/?retryWrites=true&w=majority / DataBaseSGED
[2026-05-24 22:23:12] INFO sged – ✅ Índices de MongoDB creados/verificados.
[2026-05-24 22:23:12] INFO sged – ✅ SSO simulado: usuarios institucionales ya existen.
[2026-05-24 22:23:12] INFO sged – ✅ SGED listo en http://0.0.0.0:8000/api/v1
[2026-05-24 22:27:41] INFO sged – 🔌 MongoDB desconectado.
[2026-05-24 22:27:41] INFO sged – 🛑 SGED detenido.
[2026-05-24 22:30:19] INFO sged – 🚀 Iniciando SGED API v1.0.0 [development]
[2026-05-24 22:30:24] INFO sged – ✅ MongoDB conectado → mongodb+srv://andrywbarrera:SGEDUPTC@sgedcluster.yyzatcs.mongodb.net/?retryWrites=true&w=majority / DataBaseSGED
[2026-05-24 22:30:26] INFO sged – ✅ Índices de MongoDB creados/verificados.
[2026-05-24 22:30:27] INFO sged – ✅ SSO simulado: usuarios institucionales ya existen.
[2026-05-24 22:30:27] INFO sged – ✅ SGED listo en http://0.0.0.0:8000/api/v1
[2026-05-24 22:32:54] INFO sged – 🔌 MongoDB desconectado.
[2026-05-24 22:32:54] INFO sged – 🛑 SGED detenido.
[2026-05-24 22:36:47] INFO sged – 🚀 Iniciando SGED API v1.0.0 [development]
[2026-05-24 22:36:53] INFO sged – ✅ MongoDB conectado → mongodb+srv://andrywbarrera:SGEDUPTC@sgedcluster.yyzatcs.mongodb.net/?retryWrites=true&w=majority / DataBaseSGED
[2026-05-24 22:36:55] INFO sged – ✅ Índices de MongoDB creados/verificados.
[2026-05-24 22:36:55] INFO sged – ✅ SSO simulado: usuarios institucionales ya existen.
[2026-05-24 22:36:55] INFO sged – ✅ SGED listo en http://0.0.0.0:8000/api/v1
[2026-05-24 22:41:02] INFO sged – 🔌 MongoDB desconectado.
[2026-05-24 22:41:02] INFO sged – 🛑 SGED detenido.
[2026-05-24 22:41:09] INFO sged – 🚀 Iniciando SGED API v1.0.0 [development]
[2026-05-24 22:41:15] INFO sged – ✅ MongoDB conectado → mongodb+srv://andrywbarrera:SGEDUPTC@sgedcluster.yyzatcs.mongodb.net/?retryWrites=true&w=majority / DataBaseSGED
[2026-05-24 22:41:17] INFO sged – ✅ Índices de MongoDB creados/verificados.
[2026-05-24 22:41:18] INFO sged – ✅ SSO simulado: usuarios institucionales ya existen.
[2026-05-24 22:41:18] INFO sged – ✅ SGED listo en http://0.0.0.0:8000/api/v1
[2026-05-24 22:41:18] INFO sged – 🔌 MongoDB desconectado.
[2026-05-24 22:41:18] INFO sged – 🛑 SGED detenido.
[2026-05-24 22:41:22] INFO sged – 🚀 Iniciando SGED API v1.0.0 [development]
[2026-05-24 22:41:28] INFO sged – ✅ MongoDB conectado → mongodb+srv://andrywbarrera:SGEDUPTC@sgedcluster.yyzatcs.mongodb.net/?retryWrites=true&w=majority / DataBaseSGED
[2026-05-24 22:41:30] INFO sged – ✅ Índices de MongoDB creados/verificados.
[2026-05-24 22:41:30] INFO sged – ✅ SSO simulado: usuarios institucionales ya existen.
[2026-05-24 22:41:30] INFO sged – ✅ SGED listo en http://0.0.0.0:8000/api/v1
[2026-05-24 22:44:00] INFO sged – 🔌 MongoDB desconectado.
[2026-05-24 22:44:00] INFO sged – 🛑 SGED detenido.
[2026-05-24 22:44:09] INFO sged – 🚀 Iniciando SGED API v1.0.0 [development]
[2026-05-24 22:44:15] INFO sged – ✅ MongoDB conectado → mongodb+srv://andrywbarrera:SGEDUPTC@sgedcluster.yyzatcs.mongodb.net/?retryWrites=true&w=majority / DataBaseSGED
[2026-05-24 22:44:17] INFO sged – ✅ Índices de MongoDB creados/verificados.
[2026-05-24 22:44:17] INFO sged – ✅ SSO simulado: usuarios institucionales ya existen.
[2026-05-24 22:44:17] INFO sged – ✅ SGED listo en http://0.0.0.0:8000/api/v1
[2026-05-24 22:46:18] INFO sged – 🔌 MongoDB desconectado.
[2026-05-24 22:46:18] INFO sged – 🛑 SGED detenido.
[2026-05-24 22:46:26] INFO sged – 🚀 Iniciando SGED API v1.0.0 [development]
[2026-05-24 22:46:32] INFO sged – ✅ MongoDB conectado → mongodb+srv://andrywbarrera:SGEDUPTC@sgedcluster.yyzatcs.mongodb.net/?retryWrites=true&w=majority / DataBaseSGED
[2026-05-24 22:46:34] INFO sged – ✅ Índices de MongoDB creados/verificados.
[2026-05-24 22:46:35] INFO sged – ✅ SSO simulado: usuarios institucionales ya existen.
[2026-05-24 22:46:35] INFO sged – ✅ SGED listo en http://0.0.0.0:8000/api/v1
[2026-05-24 22:46:56] INFO sged – 🔌 MongoDB desconectado.
[2026-05-24 22:46:56] INFO sged – 🛑 SGED detenido.
[2026-05-24 22:48:49] INFO sged – 🚀 Iniciando SGED API v1.0.0 [development]
[2026-05-24 22:48:56] INFO sged – ✅ MongoDB conectado → mongodb+srv://andrywbarrera:SGEDUPTC@sgedcluster.yyzatcs.mongodb.net/?retryWrites=true&w=majority / DataBaseSGED
[2026-05-24 22:48:57] INFO sged – ✅ Índices de MongoDB creados/verificados.
[2026-05-24 22:48:58] INFO sged – ✅ SSO simulado: usuarios institucionales ya existen.
[2026-05-24 22:48:58] INFO sged – ✅ SGED listo en http://0.0.0.0:8000/api/v1
[2026-05-24 22:49:05] INFO sged – 🔌 MongoDB desconectado.
[2026-05-24 22:49:05] INFO sged – 🛑 SGED detenido.
[2026-05-24 22:49:10] INFO sged – 🚀 Iniciando SGED API v1.0.0 [development]
[2026-05-24 22:49:15] INFO sged – ✅ MongoDB conectado → mongodb+srv://andrywbarrera:SGEDUPTC@sgedcluster.yyzatcs.mongodb.net/?retryWrites=true&w=majority / DataBaseSGED
[2026-05-24 22:49:17] INFO sged – ✅ Índices de MongoDB creados/verificados.
[2026-05-24 22:49:18] INFO sged – ✅ SSO simulado: usuarios institucionales ya existen.
[2026-05-24 22:49:18] INFO sged – ✅ SGED listo en http://0.0.0.0:8000/api/v1
[2026-05-24 22:59:14] INFO sged – 👋 Logout: usuario 6a10b40f9f1292ecf5c0e8ad
[2026-05-24 22:59:19] INFO sged – 🔑 Login exitoso: coordinador@uptc.edu.co [Administrativo]
[2026-05-24 23:04:29] INFO sged – 🔌 MongoDB desconectado.
[2026-05-24 23:04:29] INFO sged – 🛑 SGED detenido.
[2026-05-24 23:04:36] INFO sged – 🚀 Iniciando SGED API v1.0.0 [development]
[2026-05-24 23:04:42] INFO sged – ✅ MongoDB conectado → mongodb+srv://andrywbarrera:SGEDUPTC@sgedcluster.yyzatcs.mongodb.net/?retryWrites=true&w=majority / DataBaseSGED
[2026-05-24 23:04:44] INFO sged – ✅ Índices de MongoDB creados/verificados.
[2026-05-24 23:04:44] INFO sged – ✅ SSO simulado: usuarios institucionales ya existen.
[2026-05-24 23:04:44] INFO sged – ✅ SGED listo en http://0.0.0.0:8000/api/v1
[2026-05-24 23:06:42] INFO sged – 🔌 MongoDB desconectado.
[2026-05-24 23:06:42] INFO sged – 🛑 SGED detenido.
[2026-05-24 23:06:52] INFO sged – 🚀 Iniciando SGED API v1.0.0 [development]
[2026-05-24 23:06:58] INFO sged – ✅ MongoDB conectado → mongodb+srv://andrywbarrera:SGEDUPTC@sgedcluster.yyzatcs.mongodb.net/?retryWrites=true&w=majority / DataBaseSGED
[2026-05-24 23:07:00] INFO sged – ✅ Índices de MongoDB creados/verificados.
[2026-05-24 23:07:00] INFO sged – ✅ SSO simulado: usuarios institucionales ya existen.
[2026-05-24 23:07:00] INFO sged – ✅ SGED listo en http://0.0.0.0:8000/api/v1
[2026-05-24 23:08:15] INFO sged – 🔌 MongoDB desconectado.
[2026-05-24 23:08:15] INFO sged – 🛑 SGED detenido.
[2026-05-24 23:08:20] INFO sged – 🚀 Iniciando SGED API v1.0.0 [development]
[2026-05-24 23:08:26] INFO sged – ✅ MongoDB conectado → mongodb+srv://andrywbarrera:SGEDUPTC@sgedcluster.yyzatcs.mongodb.net/?retryWrites=true&w=majority / DataBaseSGED
[2026-05-24 23:08:28] INFO sged – ✅ Índices de MongoDB creados/verificados.
[2026-05-24 23:08:28] INFO sged – ✅ SSO simulado: usuarios institucionales ya existen.
[2026-05-24 23:08:28] INFO sged – ✅ SGED listo en http://0.0.0.0:8000/api/v1
[2026-05-24 23:10:16] INFO sged – 🔌 MongoDB desconectado.
[2026-05-24 23:10:16] INFO sged – 🛑 SGED detenido.
[2026-05-24 23:10:52] INFO sged – 🚀 Iniciando SGED API v1.0.0 [development]
[2026-05-24 23:10:58] INFO sged – ✅ MongoDB conectado → mongodb+srv://andrywbarrera:SGEDUPTC@sgedcluster.yyzatcs.mongodb.net/?retryWrites=true&w=majority / DataBaseSGED
[2026-05-24 23:11:00] INFO sged – ✅ Índices de MongoDB creados/verificados.
[2026-05-24 23:11:00] INFO sged – ✅ SSO simulado: usuarios institucionales ya existen.
[2026-05-24 23:11:00] INFO sged – ✅ SGED listo en http://0.0.0.0:8000/api/v1
[2026-05-24 23:19:39] INFO sged – 🔌 MongoDB desconectado.
[2026-05-24 23:19:39] INFO sged – 🛑 SGED detenido.
[2026-05-24 23:19:45] INFO sged – 🚀 Iniciando SGED API v1.0.0 [development]
[2026-05-24 23:19:51] INFO sged – ✅ MongoDB conectado → mongodb+srv://andrywbarrera:SGEDUPTC@sgedcluster.yyzatcs.mongodb.net/?retryWrites=true&w=majority / DataBaseSGED
[2026-05-24 23:19:53] INFO sged – ✅ Índices de MongoDB creados/verificados.
[2026-05-24 23:19:54] INFO sged – ✅ SSO simulado: usuarios institucionales ya existen.
[2026-05-24 23:19:54] INFO sged – ✅ SGED listo en http://0.0.0.0:8000/api/v1
[2026-05-24 23:45:21] INFO sged – 🔌 MongoDB desconectado.
[2026-05-24 23:45:21] INFO sged – 🛑 SGED detenido.
[2026-05-24 23:45:28] INFO sged – 🚀 Iniciando SGED API v1.0.0 [development]
[2026-05-24 23:45:33] INFO sged – ✅ MongoDB conectado → mongodb+srv://andrywbarrera:SGEDUPTC@sgedcluster.yyzatcs.mongodb.net/?retryWrites=true&w=majority / DataBaseSGED
[2026-05-24 23:45:35] INFO sged – ✅ Índices de MongoDB creados/verificados.
[2026-05-24 23:45:36] INFO sged – ✅ SSO simulado: usuarios institucionales ya existen.
[2026-05-24 23:45:36] INFO sged – ✅ SGED listo en http://0.0.0.0:8000/api/v1
[2026-05-24 23:46:25] INFO sged – 🔌 MongoDB desconectado.
[2026-05-24 23:46:25] INFO sged – 🛑 SGED detenido.
[2026-05-24 23:47:20] INFO sged – 🚀 Iniciando SGED API v1.0.0 [development]
[2026-05-24 23:47:26] INFO sged – ✅ MongoDB conectado → mongodb+srv://andrywbarrera:SGEDUPTC@sgedcluster.yyzatcs.mongodb.net/?retryWrites=true&w=majority / DataBaseSGED
[2026-05-24 23:47:28] INFO sged – ✅ Índices de MongoDB creados/verificados.
[2026-05-24 23:47:28] INFO sged – ✅ SSO simulado: usuarios institucionales ya existen.
[2026-05-24 23:47:28] INFO sged – ✅ SGED listo en http://0.0.0.0:8000/api/v1
[2026-05-24 23:53:07] INFO sged – 🔌 MongoDB desconectado.
[2026-05-24 23:53:07] INFO sged – 🛑 SGED detenido.
[2026-05-24 23:53:18] INFO sged – 🚀 Iniciando SGED API v1.0.0 [development]
[2026-05-24 23:53:23] INFO sged – ✅ MongoDB conectado → mongodb+srv://andrywbarrera:SGEDUPTC@sgedcluster.yyzatcs.mongodb.net/?retryWrites=true&w=majority / DataBaseSGED
[2026-05-24 23:53:27] INFO sged – ✅ Índices de MongoDB creados/verificados.
[2026-05-24 23:53:28] INFO sged – ✅ SSO simulado: usuarios institucionales ya existen.
[2026-05-24 23:53:29] INFO sged – ✅ SGED listo en http://0.0.0.0:8000/api/v1
[2026-05-24 23:53:39] INFO sged – 🔌 MongoDB desconectado.
[2026-05-24 23:53:39] INFO sged – 🛑 SGED detenido.
[2026-05-24 23:53:48] INFO sged – 🚀 Iniciando SGED API v1.0.0 [development]
[2026-05-24 23:53:53] INFO sged – ✅ MongoDB conectado → mongodb+srv://andrywbarrera:SGEDUPTC@sgedcluster.yyzatcs.mongodb.net/?retryWrites=true&w=majority / DataBaseSGED
[2026-05-24 23:53:55] INFO sged – ✅ Índices de MongoDB creados/verificados.
[2026-05-24 23:53:56] INFO sged – ✅ SSO simulado: usuarios institucionales ya existen.
[2026-05-24 23:53:56] INFO sged – ✅ SGED listo en http://0.0.0.0:8000/api/v1
[2026-05-24 23:53:58] INFO sged – 🔌 MongoDB desconectado.
[2026-05-24 23:53:58] INFO sged – 🛑 SGED detenido.
[2026-05-24 23:55:12] INFO sged – 🚀 Iniciando SGED API v1.0.0 [development]
[2026-05-24 23:55:17] INFO sged – ✅ MongoDB conectado → mongodb+srv://andrywbarrera:SGEDUPTC@sgedcluster.yyzatcs.mongodb.net/?retryWrites=true&w=majority / DataBaseSGED
[2026-05-24 23:55:19] INFO sged – ✅ Índices de MongoDB creados/verificados.
[2026-05-24 23:55:20] INFO sged – ✅ SSO simulado: usuarios institucionales ya existen.
[2026-05-24 23:55:20] INFO sged – ✅ SGED listo en http://0.0.0.0:8000/api/v1
[2026-05-25 00:09:02] WARNING sged – Token inválido: Signature has expired.
[2026-05-25 00:09:02] WARNING sged – Token inválido: Signature has expired.
[2026-05-25 00:09:03] WARNING sged – Token inválido: Signature has expired.
[2026-05-25 00:09:03] WARNING sged – Token inválido: Signature has expired.
[2026-05-25 00:09:03] WARNING sged – Token inválido: Signature has expired.
[2026-05-25 00:09:03] WARNING sged – Token inválido: Signature has expired.
[2026-05-25 00:09:03] WARNING sged – Token inválido: Signature has expired.
[2026-05-25 00:09:03] WARNING sged – Token inválido: Signature has expired.
[2026-05-25 00:09:16] INFO sged – 🔑 Login exitoso: coordinador@uptc.edu.co [Administrativo]
[2026-05-25 00:58:26] INFO sged – 👋 Logout: usuario 6a10b40e9f1292ecf5c0e8ac
[2026-05-25 00:58:47] INFO sged – 🔑 Login exitoso: andryw.barrera@uptc.edu.co [Estudiante]
[2026-05-25 01:15:11] INFO sged – 📧 Email enviado a andryw.barrera@uptc.edu.co — Asunto: ℹ️  Aviso del Sistema – SGED UPTC
[2026-05-25 01:15:11] INFO sged – 📋 Reserva 6a13e8eb07d9fb7ed10b5e35 creada por usuario 6a10b40f9f1292ecf5c0e8ad.
[2026-05-25 01:15:33] INFO sged – 📧 Email enviado a andryw.barrera@uptc.edu.co — Asunto: 🚫 Reserva Cancelada – SGED UPTC
[2026-05-25 01:15:33] INFO sged – 🚫 Reserva 6a13e8eb07d9fb7ed10b5e35 CANCELADA por usuario 6a10b40f9f1292ecf5c0e8ad.
[2026-05-25 01:33:32] INFO sged – 📧 Email enviado a andryw.barrera@uptc.edu.co — Asunto: ℹ️  Aviso del Sistema – SGED UPTC
[2026-05-25 01:33:32] INFO sged – 📋 Reserva 6a13ed3907d9fb7ed10b5e38 creada por usuario 6a10b40f9f1292ecf5c0e8ad.
[2026-05-25 01:33:47] INFO sged – 📧 Email enviado a andryw.barrera@uptc.edu.co — Asunto: 🚫 Reserva Cancelada – SGED UPTC
[2026-05-25 01:33:47] INFO sged – 🚫 Reserva 6a13ed3907d9fb7ed10b5e38 CANCELADA por usuario 6a10b40f9f1292ecf5c0e8ad.
[2026-05-25 01:39:06] INFO sged – 📧 Email enviado a andryw.barrera@uptc.edu.co — Asunto: ℹ️  Aviso del Sistema – SGED UPTC
[2026-05-25 01:39:06] INFO sged – 📋 Reserva 6a13ee8807d9fb7ed10b5e3b creada por usuario 6a10b40f9f1292ecf5c0e8ad.
[2026-05-25 01:39:12] INFO sged – 📧 Email enviado a andryw.barrera@uptc.edu.co — Asunto: 🚫 Reserva Cancelada – SGED UPTC
[2026-05-25 01:39:12] INFO sged – 🚫 Reserva 6a13ee8807d9fb7ed10b5e3b CANCELADA por usuario 6a10b40f9f1292ecf5c0e8ad.
[2026-05-25 01:39:32] INFO sged – 📧 Email enviado a andryw.barrera@uptc.edu.co — Asunto: ℹ️  Aviso del Sistema – SGED UPTC
[2026-05-25 01:39:32] INFO sged – 📋 Reserva 6a13eea207d9fb7ed10b5e3e creada por usuario 6a10b40f9f1292ecf5c0e8ad.
[2026-05-25 01:39:41] INFO sged – 📧 Email enviado a andryw.barrera@uptc.edu.co — Asunto: ℹ️  Aviso del Sistema – SGED UPTC
[2026-05-25 01:39:41] INFO sged – 📋 Reserva 6a13eeab07d9fb7ed10b5e40 creada por usuario 6a10b40f9f1292ecf5c0e8ad.
[2026-05-25 01:39:48] INFO sged – 📧 Email enviado a andryw.barrera@uptc.edu.co — Asunto: 🚫 Reserva Cancelada – SGED UPTC
[2026-05-25 01:39:48] INFO sged – 🚫 Reserva 6a13eea207d9fb7ed10b5e3e CANCELADA por usuario 6a10b40f9f1292ecf5c0e8ad.
[2026-05-25 01:39:57] INFO sged – 📧 Email enviado a andryw.barrera@uptc.edu.co — Asunto: 🚫 Reserva Cancelada – SGED UPTC
[2026-05-25 01:39:57] INFO sged – 🚫 Reserva 6a13eeab07d9fb7ed10b5e40 CANCELADA por usuario 6a10b40f9f1292ecf5c0e8ad.
[2026-05-25 11:32:50] INFO sged – 🚀 Iniciando SGED API v1.0.0 [development]
[2026-05-25 11:33:00] INFO sged – ✅ MongoDB conectado → mongodb+srv://andrywbarrera:SGEDUPTC@sgedcluster.yyzatcs.mongodb.net/?retryWrites=true&w=majority / DataBaseSGED
[2026-05-25 11:33:03] INFO sged – ✅ Índices de MongoDB creados/verificados.
[2026-05-25 11:33:03] INFO sged – ✅ SSO simulado: usuarios institucionales ya existen.
[2026-05-25 11:33:03] INFO sged – ✅ SGED listo en http://0.0.0.0:8000/api/v1
[2026-05-25 11:33:36] WARNING sged – Token inválido: Signature has expired.
[2026-05-25 11:33:36] WARNING sged – Token inválido: Signature has expired.
[2026-05-25 11:33:36] WARNING sged – Token inválido: Signature has expired.
[2026-05-25 11:33:36] WARNING sged – Token inválido: Signature has expired.
[2026-05-25 11:33:37] WARNING sged – Token inválido: Signature has expired.
[2026-05-25 11:33:37] WARNING sged – Token inválido: Signature has expired.
[2026-05-25 11:33:37] WARNING sged – Token inválido: Signature has expired.
[2026-05-25 11:33:37] WARNING sged – Token inválido: Signature has expired.
[2026-05-25 11:33:48] INFO sged – 🔑 Login exitoso: admin@uptc.edu.co [Administrador]
[2026-05-25 12:56:09] INFO sged – 🚀 Iniciando SGED API v1.0.0 [development]
[2026-05-25 12:56:24] INFO sged – ✅ MongoDB conectado → mongodb+srv://andrywbarrera:SGEDUPTC@sgedcluster.yyzatcs.mongodb.net/?retryWrites=true&w=majority / DataBaseSGED
[2026-05-25 12:56:26] INFO sged – ✅ Índices de MongoDB creados/verificados.
[2026-05-25 12:56:26] INFO sged – ✅ SSO simulado: usuarios institucionales ya existen.
[2026-05-25 12:56:26] INFO sged – ✅ SGED listo en http://0.0.0.0:8000/api/v1
[2026-05-25 12:58:55] WARNING sged – Token inválido: Signature has expired.
[2026-05-25 12:58:55] WARNING sged – Token inválido: Signature has expired.
[2026-05-25 12:58:55] WARNING sged – Token inválido: Signature has expired.
[2026-05-25 12:58:55] WARNING sged – Token inválido: Signature has expired.
[2026-05-25 12:58:55] WARNING sged – Token inválido: Signature has expired.
[2026-05-25 12:58:55] WARNING sged – Token inválido: Signature has expired.
[2026-05-25 12:58:55] WARNING sged – Token inválido: Signature has expired.
[2026-05-25 12:58:55] WARNING sged – Token inválido: Signature has expired.
[2026-05-25 12:59:02] INFO sged – 🔑 Login exitoso: admin@uptc.edu.co [Administrador]
[2026-05-25 13:01:09] INFO sged – 👋 Logout: usuario 6a10b40d9f1292ecf5c0e8ab
[2026-05-25 13:01:42] INFO sged – 🔑 Login exitoso: admin@uptc.edu.co [Administrador]
[2026-05-25 13:02:21] INFO sged – 👋 Logout: usuario 6a10b40d9f1292ecf5c0e8ab
[2026-05-25 13:02:46] INFO sged – 🔑 Login exitoso: admin@uptc.edu.co [Administrador]
[2026-05-25 13:03:32] INFO sged – 👋 Logout: usuario 6a10b40d9f1292ecf5c0e8ab
[2026-05-25 13:04:17] INFO sged – 🔑 Login exitoso: admin@uptc.edu.co [Administrador]
[2026-05-25 13:05:17] INFO sged – 🔌 MongoDB desconectado.
[2026-05-25 13:05:17] INFO sged – 🛑 SGED detenido.
[2026-05-25 13:09:18] INFO sged – 🚀 Iniciando SGED API v1.0.0 [development]
[2026-05-25 13:09:24] INFO sged – ✅ MongoDB conectado → mongodb+srv://andrywbarrera:SGEDUPTC@sgedcluster.yyzatcs.mongodb.net/?retryWrites=true&w=majority / DataBaseSGED
[2026-05-25 13:09:26] INFO sged – ✅ Índices de MongoDB creados/verificados.
[2026-05-25 13:09:26] INFO sged – ✅ SGED listo en http://0.0.0.0:8000/api/v1
[2026-05-25 13:09:40] INFO sged – 🔑 Login exitoso: admin@uptc.edu.co [Administrador]
[2026-05-25 13:10:18] INFO sged – 👋 Logout: usuario 6a10b40d9f1292ecf5c0e8ab
[2026-05-25 13:12:15] INFO sged – 🔑 Login exitoso: admin@uptc.edu.co [Administrador]
[2026-05-25 13:23:08] INFO sged – 🔌 MongoDB desconectado.
[2026-05-25 13:23:08] INFO sged – 🛑 SGED detenido.
[2026-05-25 13:23:20] INFO sged – 🚀 Iniciando SGED API v1.0.0 [development]
[2026-05-25 13:23:28] INFO sged – ✅ MongoDB conectado → mongodb+srv://andrywbarrera:SGEDUPTC@sgedcluster.yyzatcs.mongodb.net/?retryWrites=true&w=majority / DataBaseSGED
[2026-05-25 13:23:30] INFO sged – ✅ Índices de MongoDB creados/verificados.
[2026-05-25 13:23:30] INFO sged – ✅ SGED listo en http://0.0.0.0:8000/api/v1
[2026-05-25 13:23:31] INFO sged – 🔌 MongoDB desconectado.
[2026-05-25 13:23:31] INFO sged – 🛑 SGED detenido.
[2026-05-25 13:23:38] INFO sged – 🚀 Iniciando SGED API v1.0.0 [development]
[2026-05-25 13:23:45] INFO sged – ✅ MongoDB conectado → mongodb+srv://andrywbarrera:SGEDUPTC@sgedcluster.yyzatcs.mongodb.net/?retryWrites=true&w=majority / DataBaseSGED
[2026-05-25 13:23:47] INFO sged – ✅ Índices de MongoDB creados/verificados.
[2026-05-25 13:23:47] INFO sged – ✅ SGED listo en http://0.0.0.0:8000/api/v1
[2026-05-25 13:27:04] INFO sged – 🔌 MongoDB desconectado.
[2026-05-25 13:27:04] INFO sged – 🛑 SGED detenido.
[2026-05-25 13:27:08] INFO sged – 🚀 Iniciando SGED API v1.0.0 [development]
[2026-05-25 13:27:14] INFO sged – ✅ MongoDB conectado → mongodb+srv://andrywbarrera:SGEDUPTC@sgedcluster.yyzatcs.mongodb.net/?retryWrites=true&w=majority / DataBaseSGED
[2026-05-25 13:27:16] INFO sged – ✅ Índices de MongoDB creados/verificados.
[2026-05-25 13:27:16] INFO sged – ✅ SGED listo en http://0.0.0.0:8000/api/v1
[2026-05-25 13:30:07] INFO sged – 🔌 MongoDB desconectado.
[2026-05-25 13:30:07] INFO sged – 🛑 SGED detenido.
[2026-05-25 13:31:36] INFO sged – 🚀 Iniciando SGED API v1.0.0 [development]
[2026-05-25 13:31:41] INFO sged – ✅ MongoDB conectado → mongodb+srv://andrywbarrera:SGEDUPTC@sgedcluster.yyzatcs.mongodb.net/?retryWrites=true&w=majority / DataBaseSGED
[2026-05-25 13:31:43] INFO sged – ✅ Índices de MongoDB creados/verificados.
[2026-05-25 13:31:44] INFO sged – ✅ SGED listo en http://0.0.0.0:8000/api/v1
[2026-05-25 13:32:36] INFO sged – 🔌 MongoDB desconectado.
[2026-05-25 13:32:36] INFO sged – 🛑 SGED detenido.
[2026-05-25 13:32:45] INFO sged – 🚀 Iniciando SGED API v1.0.0 [development]
[2026-05-25 13:32:51] INFO sged – ✅ MongoDB conectado → mongodb+srv://andrywbarrera:SGEDUPTC@sgedcluster.yyzatcs.mongodb.net/?retryWrites=true&w=majority / DataBaseSGED
[2026-05-25 13:32:53] INFO sged – ✅ Índices de MongoDB creados/verificados.
[2026-05-25 13:32:53] INFO sged – ✅ SGED listo en http://0.0.0.0:8000/api/v1
[2026-05-25 13:33:13] INFO sged – 🔌 MongoDB desconectado.
[2026-05-25 13:33:13] INFO sged – 🛑 SGED detenido.
[2026-05-25 13:33:20] INFO sged – 🚀 Iniciando SGED API v1.0.0 [development]
[2026-05-25 13:33:26] INFO sged – ✅ MongoDB conectado → mongodb+srv://andrywbarrera:SGEDUPTC@sgedcluster.yyzatcs.mongodb.net/?retryWrites=true&w=majority / DataBaseSGED
[2026-05-25 13:33:28] INFO sged – ✅ Índices de MongoDB creados/verificados.
[2026-05-25 13:33:28] INFO sged – ✅ SGED listo en http://0.0.0.0:8000/api/v1
[2026-05-25 13:35:42] INFO sged – 🔌 MongoDB desconectado.
[2026-05-25 13:35:42] INFO sged – 🛑 SGED detenido.
[2026-05-25 13:46:40] INFO sged – 🚀 Iniciando SGED API v1.0.0 [development]
[2026-05-25 13:46:45] INFO sged – ✅ MongoDB conectado → mongodb+srv://andrywbarrera:SGEDUPTC@sgedcluster.yyzatcs.mongodb.net/?retryWrites=true&w=majority / DataBaseSGED
[2026-05-25 13:46:47] INFO sged – ✅ Índices de MongoDB creados/verificados.
[2026-05-25 13:46:47] INFO sged – ✅ SGED listo en http://0.0.0.0:8000/api/v1
[2026-05-25 13:47:12] INFO sged – 👋 Logout: usuario 6a10b40d9f1292ecf5c0e8ab
[2026-05-25 13:47:15] INFO sged – 🔑 Login exitoso: rafael.lozano@uptc.edu.co [Estudiante]
[2026-05-25 13:47:21] INFO sged – 👋 Logout: usuario 6a10b40f9f1292ecf5c0e8ae
[2026-05-25 13:47:24] INFO sged – 🔑 Login exitoso: admin@uptc.edu.co [Administrador]
[2026-05-25 13:58:28] INFO sged – 🔌 MongoDB desconectado.
[2026-05-25 13:58:28] INFO sged – 🛑 SGED detenido.
[2026-05-25 13:58:46] INFO sged – 🚀 Iniciando SGED API v1.0.0 [development]
[2026-05-25 13:58:54] INFO sged – ✅ MongoDB conectado → mongodb+srv://andrywbarrera:SGEDUPTC@sgedcluster.yyzatcs.mongodb.net/?retryWrites=true&w=majority / DataBaseSGED
[2026-05-25 13:58:56] INFO sged – ✅ Índices de MongoDB creados/verificados.
[2026-05-25 13:58:56] INFO sged – ✅ SGED listo en http://0.0.0.0:8000/api/v1
[2026-05-25 13:59:40] INFO sged – 🔌 MongoDB desconectado.
[2026-05-25 13:59:40] INFO sged – 🛑 SGED detenido.
[2026-05-25 13:59:44] INFO sged – 🚀 Iniciando SGED API v1.0.0 [development]
[2026-05-25 13:59:49] INFO sged – ✅ MongoDB conectado → mongodb+srv://andrywbarrera:SGEDUPTC@sgedcluster.yyzatcs.mongodb.net/?retryWrites=true&w=majority / DataBaseSGED
[2026-05-25 13:59:52] INFO sged – ✅ Índices de MongoDB creados/verificados.
[2026-05-25 13:59:52] INFO sged – ✅ SGED listo en http://0.0.0.0:8000/api/v1
[2026-05-25 14:00:48] INFO sged – 🔌 MongoDB desconectado.
[2026-05-25 14:00:48] INFO sged – 🛑 SGED detenido.
[2026-05-25 14:00:52] INFO sged – 🚀 Iniciando SGED API v1.0.0 [development]
[2026-05-25 14:00:59] INFO sged – ✅ MongoDB conectado → mongodb+srv://andrywbarrera:SGEDUPTC@sgedcluster.yyzatcs.mongodb.net/?retryWrites=true&w=majority / DataBaseSGED
[2026-05-25 14:01:01] INFO sged – ✅ Índices de MongoDB creados/verificados.
[2026-05-25 14:01:01] INFO sged – ✅ SGED listo en http://0.0.0.0:8000/api/v1
[2026-05-25 14:01:01] INFO sged – 🔌 MongoDB desconectado.
[2026-05-25 14:01:01] INFO sged – 🛑 SGED detenido.
[2026-05-25 14:01:06] INFO sged – 🚀 Iniciando SGED API v1.0.0 [development]
[2026-05-25 14:01:11] INFO sged – ✅ MongoDB conectado → mongodb+srv://andrywbarrera:SGEDUPTC@sgedcluster.yyzatcs.mongodb.net/?retryWrites=true&w=majority / DataBaseSGED
[2026-05-25 14:01:13] INFO sged – ✅ Índices de MongoDB creados/verificados.
[2026-05-25 14:01:13] INFO sged – ✅ SGED listo en http://0.0.0.0:8000/api/v1
[2026-05-25 14:06:15] INFO sged – 🔌 MongoDB desconectado.
[2026-05-25 14:06:15] INFO sged – 🛑 SGED detenido.
[2026-05-25 14:06:35] INFO sged – 🚀 Iniciando SGED API v1.0.0 [development]
[2026-05-25 14:06:40] INFO sged – ✅ MongoDB conectado → mongodb+srv://andrywbarrera:SGEDUPTC@sgedcluster.yyzatcs.mongodb.net/?retryWrites=true&w=majority / DataBaseSGED
[2026-05-25 14:06:42] INFO sged – ✅ Índices de MongoDB creados/verificados.
[2026-05-25 14:06:42] INFO sged – ✅ SGED listo en http://0.0.0.0:8000/api/v1
[2026-05-25 14:12:10] INFO sged – 🔌 MongoDB desconectado.
[2026-05-25 14:12:10] INFO sged – 🛑 SGED detenido.
[2026-05-25 14:12:23] INFO sged – 🚀 Iniciando SGED API v1.0.0 [development]
[2026-05-25 14:12:29] INFO sged – ✅ MongoDB conectado → mongodb+srv://andrywbarrera:SGEDUPTC@sgedcluster.yyzatcs.mongodb.net/?retryWrites=true&w=majority / DataBaseSGED
[2026-05-25 14:12:31] INFO sged – ✅ Índices de MongoDB creados/verificados.
[2026-05-25 14:12:31] INFO sged – ✅ SGED listo en http://0.0.0.0:8000/api/v1
[2026-05-25 14:14:37] INFO sged – 🔌 MongoDB desconectado.
[2026-05-25 14:14:37] INFO sged – 🛑 SGED detenido.
[2026-05-25 14:14:46] INFO sged – 🚀 Iniciando SGED API v1.0.0 [development]
[2026-05-25 14:14:52] INFO sged – ✅ MongoDB conectado → mongodb+srv://andrywbarrera:SGEDUPTC@sgedcluster.yyzatcs.mongodb.net/?retryWrites=true&w=majority / DataBaseSGED
[2026-05-25 14:14:54] INFO sged – ✅ Índices de MongoDB creados/verificados.
[2026-05-25 14:14:54] INFO sged – ✅ SGED listo en http://0.0.0.0:8000/api/v1
[2026-05-25 14:18:11] INFO sged – 📧 Email enviado a andryw.barrera@uptc.edu.co — Asunto: ℹ️  Aviso del Sistema – SGED UPTC
[2026-05-25 14:45:27] INFO sged – 🚀 Iniciando SGED API v1.0.0 [development]
[2026-05-25 14:45:35] INFO sged – ✅ MongoDB conectado → mongodb+srv://andrywbarrera:SGEDUPTC@sgedcluster.yyzatcs.mongodb.net/?retryWrites=true&w=majority / DataBaseSGED
[2026-05-25 14:45:37] INFO sged – ✅ Índices de MongoDB creados/verificados.
[2026-05-25 14:45:37] INFO sged – ✅ SGED listo en http://0.0.0.0:8000/api/v1
[2026-05-25 14:47:36] WARNING sged – Token inválido: Signature has expired.
[2026-05-25 14:47:36] WARNING sged – Token inválido: Signature has expired.
[2026-05-25 14:47:36] WARNING sged – Token inválido: Signature has expired.
[2026-05-25 14:47:36] WARNING sged – Token inválido: Signature has expired.
[2026-05-25 14:47:36] WARNING sged – Token inválido: Signature has expired.
[2026-05-25 14:47:37] WARNING sged – Token inválido: Signature has expired.
[2026-05-25 14:47:37] WARNING sged – Token inválido: Signature has expired.
[2026-05-25 14:47:37] WARNING sged – Token inválido: Signature has expired.
[2026-05-25 15:35:00] INFO sged – 🔌 MongoDB desconectado.
[2026-05-25 15:35:00] INFO sged – 🛑 SGED detenido.
[2026-05-25 15:35:20] INFO sged – 🚀 Iniciando SGED API v1.0.0 [development]
[2026-05-25 15:35:26] INFO sged – ✅ MongoDB conectado → mongodb+srv://andrywbarrera:SGEDUPTC@sgedcluster.yyzatcs.mongodb.net/?retryWrites=true&w=majority / DataBaseSGED
[2026-05-25 15:35:28] INFO sged – ✅ Índices de MongoDB creados/verificados.
[2026-05-25 15:35:28] INFO sged – ✅ SGED listo en http://0.0.0.0:8000/api/v1
[2026-05-25 15:36:34] INFO sged – 🔌 MongoDB desconectado.
[2026-05-25 15:36:34] INFO sged – 🛑 SGED detenido.
[2026-05-25 15:36:43] INFO sged – 🚀 Iniciando SGED API v1.0.0 [development]
[2026-05-25 15:36:49] INFO sged – ✅ MongoDB conectado → mongodb+srv://andrywbarrera:SGEDUPTC@sgedcluster.yyzatcs.mongodb.net/?retryWrites=true&w=majority / DataBaseSGED
[2026-05-25 15:36:51] INFO sged – ✅ Índices de MongoDB creados/verificados.
[2026-05-25 15:36:51] INFO sged – ✅ SGED listo en http://0.0.0.0:8000/api/v1
[2026-05-25 15:39:13] INFO sged – 🔌 MongoDB desconectado.
[2026-05-25 15:39:13] INFO sged – 🛑 SGED detenido.
[2026-05-25 15:39:23] INFO sged – 🚀 Iniciando SGED API v1.0.0 [development]
[2026-05-25 15:39:31] INFO sged – ✅ MongoDB conectado → mongodb+srv://andrywbarrera:SGEDUPTC@sgedcluster.yyzatcs.mongodb.net/?retryWrites=true&w=majority / DataBaseSGED
[2026-05-25 15:39:33] INFO sged – ✅ Índices de MongoDB creados/verificados.
[2026-05-25 15:39:33] INFO sged – ✅ SGED listo en http://0.0.0.0:8000/api/v1
[2026-05-25 15:39:33] INFO sged – 🔌 MongoDB desconectado.
[2026-05-25 15:39:33] INFO sged – 🛑 SGED detenido.
[2026-05-25 15:39:47] INFO sged – 🚀 Iniciando SGED API v1.0.0 [development]
[2026-05-25 15:39:53] INFO sged – ✅ MongoDB conectado → mongodb+srv://andrywbarrera:SGEDUPTC@sgedcluster.yyzatcs.mongodb.net/?retryWrites=true&w=majority / DataBaseSGED
[2026-05-25 15:39:55] INFO sged – ✅ Índices de MongoDB creados/verificados.
[2026-05-25 15:39:55] INFO sged – ✅ SGED listo en http://0.0.0.0:8000/api/v1
[2026-05-25 15:47:40] WARNING sged – Token inválido: Signature has expired.
[2026-05-25 16:01:16] INFO sged – 🔌 MongoDB desconectado.
[2026-05-25 16:01:16] INFO sged – 🛑 SGED detenido.
[2026-05-25 16:01:26] INFO sged – 🚀 Iniciando SGED API v1.0.0 [development]
[2026-05-25 16:01:32] INFO sged – ✅ MongoDB conectado → mongodb+srv://andrywbarrera:SGEDUPTC@sgedcluster.yyzatcs.mongodb.net/?retryWrites=true&w=majority / DataBaseSGED
[2026-05-25 16:01:34] INFO sged – ✅ Índices de MongoDB creados/verificados.
[2026-05-25 16:01:34] INFO sged – ✅ SGED listo en http://0.0.0.0:8000/api/v1
[2026-05-25 16:01:46] INFO sged – 🔑 Login exitoso: admin@uptc.edu.co [Administrador]
[2026-05-25 16:02:18] INFO sged – 🔌 MongoDB desconectado.
[2026-05-25 16:02:18] INFO sged – 🛑 SGED detenido.
[2026-05-25 16:02:25] INFO sged – 🚀 Iniciando SGED API v1.0.0 [development]
[2026-05-25 16:02:30] INFO sged – ✅ MongoDB conectado → mongodb+srv://andrywbarrera:SGEDUPTC@sgedcluster.yyzatcs.mongodb.net/?retryWrites=true&w=majority / DataBaseSGED
[2026-05-25 16:02:32] INFO sged – ✅ Índices de MongoDB creados/verificados.
[2026-05-25 16:02:32] INFO sged – ✅ SGED listo en http://0.0.0.0:8000/api/v1
[2026-05-25 16:06:30] INFO sged – 👋 Logout: usuario 6a10b40d9f1292ecf5c0e8ab
[2026-05-25 16:06:34] INFO sged – 🔑 Login exitoso: admin@uptc.edu.co [Administrador]
[2026-05-25 18:14:04] INFO sged – 🚀 Iniciando SGED API v1.0.0 [development]
[2026-05-25 18:14:06] INFO sged – ✅ MongoDB conectado → mongodb+srv://andrywbarrera:SGEDUPTC@sgedcluster.yyzatcs.mongodb.net/?retryWrites=true&w=majority / DataBaseSGED
[2026-05-25 18:14:08] INFO sged – ✅ Índices de MongoDB creados/verificados.
[2026-05-25 18:14:08] INFO sged – ✅ SGED listo en http://0.0.0.0:8000/api/v1
[2026-05-25 18:14:44] WARNING sged – Token inválido: Signature has expired.
[2026-05-25 18:14:44] WARNING sged – Token inválido: Signature has expired.
[2026-05-25 18:16:02] INFO sged – 🚀 Iniciando SGED API v1.0.0 [development]
[2026-05-25 18:16:03] INFO sged – ✅ MongoDB conectado → mongodb+srv://andrywbarrera:SGEDUPTC@sgedcluster.yyzatcs.mongodb.net/?retryWrites=true&w=majority / DataBaseSGED
[2026-05-25 18:16:05] INFO sged – ✅ Índices de MongoDB creados/verificados.
[2026-05-25 18:16:05] INFO sged – ✅ SGED listo en http://0.0.0.0:8000/api/v1
[2026-05-25 18:16:26] INFO sged – 🔑 Login exitoso: admin@uptc.edu.co [Administrador]
[2026-05-25 18:23:24] INFO sged – 🔌 MongoDB desconectado.
[2026-05-25 18:23:24] INFO sged – 🛑 SGED detenido.
[2026-05-25 18:23:32] INFO sged – 🚀 Iniciando SGED API v1.0.0 [development]
[2026-05-25 18:23:33] INFO sged – ✅ MongoDB conectado → mongodb+srv://andrywbarrera:SGEDUPTC@sgedcluster.yyzatcs.mongodb.net/?retryWrites=true&w=majority / DataBaseSGED
[2026-05-25 18:23:35] INFO sged – ✅ Índices de MongoDB creados/verificados.
[2026-05-25 18:23:35] INFO sged – ✅ SGED listo en http://0.0.0.0:8000/api/v1
[2026-05-25 18:23:35] INFO sged – 👋 Logout: usuario 6a10b40d9f1292ecf5c0e8ab
[2026-05-25 18:23:36] INFO sged – 👋 Logout: usuario 6a10b40d9f1292ecf5c0e8ab
[2026-05-25 18:23:36] INFO sged – 👋 Logout: usuario 6a10b40d9f1292ecf5c0e8ab
[2026-05-25 18:23:36] INFO sged – 👋 Logout: usuario 6a10b40d9f1292ecf5c0e8ab
[2026-05-25 18:23:36] INFO sged – 👋 Logout: usuario 6a10b40d9f1292ecf5c0e8ab
[2026-05-25 18:23:46] INFO sged – 🔌 MongoDB desconectado.
[2026-05-25 18:23:46] INFO sged – 🛑 SGED detenido.
[2026-05-25 18:23:51] INFO sged – 🚀 Iniciando SGED API v1.0.0 [development]
[2026-05-25 18:23:52] INFO sged – ✅ MongoDB conectado → mongodb+srv://andrywbarrera:SGEDUPTC@sgedcluster.yyzatcs.mongodb.net/?retryWrites=true&w=majority / DataBaseSGED
[2026-05-25 18:23:54] INFO sged – ✅ Índices de MongoDB creados/verificados.
[2026-05-25 18:23:54] INFO sged – ✅ SGED listo en http://0.0.0.0:8000/api/v1
[2026-05-25 18:24:06] INFO sged – 🔑 Login exitoso: admin@uptc.edu.co [Administrador]
[2026-05-25 18:24:21] INFO sged – 👋 Logout: usuario 6a10b40d9f1292ecf5c0e8ab
[2026-05-25 18:25:07] INFO sged – 🔑 Login exitoso: admin@uptc.edu.co [Administrador]
[2026-05-25 18:25:58] INFO sged – 🔌 MongoDB desconectado.
[2026-05-25 18:25:58] INFO sged – 🛑 SGED detenido.
[2026-05-25 18:26:04] INFO sged – 🚀 Iniciando SGED API v1.0.0 [development]
[2026-05-25 18:26:06] INFO sged – ✅ MongoDB conectado → mongodb+srv://andrywbarrera:SGEDUPTC@sgedcluster.yyzatcs.mongodb.net/?retryWrites=true&w=majority / DataBaseSGED
[2026-05-25 18:26:08] INFO sged – ✅ Índices de MongoDB creados/verificados.
[2026-05-25 18:26:08] INFO sged – ✅ SGED listo en http://0.0.0.0:8000/api/v1
[2026-05-25 18:26:09] INFO sged – 🔌 MongoDB desconectado.
[2026-05-25 18:26:09] INFO sged – 🛑 SGED detenido.
[2026-05-25 18:26:14] INFO sged – 🚀 Iniciando SGED API v1.0.0 [development]
[2026-05-25 18:26:16] INFO sged – ✅ MongoDB conectado → mongodb+srv://andrywbarrera:SGEDUPTC@sgedcluster.yyzatcs.mongodb.net/?retryWrites=true&w=majority / DataBaseSGED
[2026-05-25 18:26:17] INFO sged – ✅ Índices de MongoDB creados/verificados.
[2026-05-25 18:26:17] INFO sged – ✅ SGED listo en http://0.0.0.0:8000/api/v1
[2026-05-25 18:26:23] INFO sged – 👋 Logout: usuario 6a10b40d9f1292ecf5c0e8ab
[2026-05-25 18:26:26] INFO sged – 🔑 Login exitoso: admin@uptc.edu.co [Administrador]
[2026-05-25 18:31:10] INFO sged – 🔌 MongoDB desconectado.
[2026-05-25 18:31:10] INFO sged – 🛑 SGED detenido.
[2026-05-25 18:31:16] INFO sged – 🚀 Iniciando SGED API v1.0.0 [development]
[2026-05-25 18:31:18] INFO sged – ✅ MongoDB conectado → mongodb+srv://andrywbarrera:SGEDUPTC@sgedcluster.yyzatcs.mongodb.net/?retryWrites=true&w=majority / DataBaseSGED
[2026-05-25 18:31:21] INFO sged – ✅ Índices de MongoDB creados/verificados.
[2026-05-25 18:31:21] INFO sged – ✅ SGED listo en http://0.0.0.0:8000/api/v1
[2026-05-25 18:32:22] INFO sged – 🔌 MongoDB desconectado.
[2026-05-25 18:32:22] INFO sged – 🛑 SGED detenido.
[2026-05-25 18:32:30] INFO sged – 🚀 Iniciando SGED API v1.0.0 [development]
[2026-05-25 18:32:32] INFO sged – ✅ MongoDB conectado → mongodb+srv://andrywbarrera:SGEDUPTC@sgedcluster.yyzatcs.mongodb.net/?retryWrites=true&w=majority / DataBaseSGED
[2026-05-25 18:32:33] INFO sged – ✅ Índices de MongoDB creados/verificados.
[2026-05-25 18:32:33] INFO sged – ✅ SGED listo en http://0.0.0.0:8000/api/v1
[2026-05-25 18:37:23] INFO sged – 🔌 MongoDB desconectado.
[2026-05-25 18:37:23] INFO sged – 🛑 SGED detenido.
[2026-05-25 18:37:31] INFO sged – 🚀 Iniciando SGED API v1.0.0 [development]
[2026-05-25 18:37:33] INFO sged – ✅ MongoDB conectado → mongodb+srv://andrywbarrera:SGEDUPTC@sgedcluster.yyzatcs.mongodb.net/?retryWrites=true&w=majority / DataBaseSGED
[2026-05-25 18:37:35] INFO sged – ✅ Índices de MongoDB creados/verificados.
[2026-05-25 18:37:35] INFO sged – ✅ SGED listo en http://0.0.0.0:8000/api/v1
[2026-05-25 18:38:18] INFO sged – 🔌 MongoDB desconectado.
[2026-05-25 18:38:18] INFO sged – 🛑 SGED detenido.
[2026-05-25 18:38:24] INFO sged – 🚀 Iniciando SGED API v1.0.0 [development]
[2026-05-25 18:38:25] INFO sged – ✅ MongoDB conectado → mongodb+srv://andrywbarrera:SGEDUPTC@sgedcluster.yyzatcs.mongodb.net/?retryWrites=true&w=majority / DataBaseSGED
[2026-05-25 18:38:27] INFO sged – ✅ Índices de MongoDB creados/verificados.
[2026-05-25 18:38:27] INFO sged – ✅ SGED listo en http://0.0.0.0:8000/api/v1
[2026-05-25 18:38:51] INFO sged – 🔌 MongoDB desconectado.
[2026-05-25 18:38:51] INFO sged – 🛑 SGED detenido.
[2026-05-25 18:38:58] INFO sged – 🚀 Iniciando SGED API v1.0.0 [development]
[2026-05-25 18:39:00] INFO sged – ✅ MongoDB conectado → mongodb+srv://andrywbarrera:SGEDUPTC@sgedcluster.yyzatcs.mongodb.net/?retryWrites=true&w=majority / DataBaseSGED
[2026-05-25 18:39:02] INFO sged – ✅ Índices de MongoDB creados/verificados.
[2026-05-25 18:39:02] INFO sged – ✅ SGED listo en http://0.0.0.0:8000/api/v1
[2026-05-25 18:39:31] INFO sged – 🔌 MongoDB desconectado.
[2026-05-25 18:39:31] INFO sged – 🛑 SGED detenido.
[2026-05-25 18:39:36] INFO sged – 🚀 Iniciando SGED API v1.0.0 [development]
[2026-05-25 18:39:38] INFO sged – ✅ MongoDB conectado → mongodb+srv://andrywbarrera:SGEDUPTC@sgedcluster.yyzatcs.mongodb.net/?retryWrites=true&w=majority / DataBaseSGED
[2026-05-25 18:39:40] INFO sged – ✅ Índices de MongoDB creados/verificados.
[2026-05-25 18:39:40] INFO sged – ✅ SGED listo en http://0.0.0.0:8000/api/v1
[2026-05-25 18:47:34] INFO sged – 🔌 MongoDB desconectado.
[2026-05-25 18:47:34] INFO sged – 🛑 SGED detenido.
[2026-05-25 18:47:40] INFO sged – 🚀 Iniciando SGED API v1.0.0 [development]
[2026-05-25 18:47:43] INFO sged – ✅ MongoDB conectado → mongodb+srv://andrywbarrera:SGEDUPTC@sgedcluster.yyzatcs.mongodb.net/?retryWrites=true&w=majority / DataBaseSGED
[2026-05-25 18:47:45] INFO sged – ✅ Índices de MongoDB creados/verificados.
[2026-05-25 18:47:45] INFO sged – ✅ SGED listo en http://0.0.0.0:8000/api/v1
[2026-05-25 18:47:59] INFO sged – 🔌 MongoDB desconectado.
[2026-05-25 18:47:59] INFO sged – 🛑 SGED detenido.
[2026-05-25 18:48:05] INFO sged – 🚀 Iniciando SGED API v1.0.0 [development]
[2026-05-25 18:48:07] INFO sged – ✅ MongoDB conectado → mongodb+srv://andrywbarrera:SGEDUPTC@sgedcluster.yyzatcs.mongodb.net/?retryWrites=true&w=majority / DataBaseSGED
[2026-05-25 18:48:09] INFO sged – ✅ Índices de MongoDB creados/verificados.
[2026-05-25 18:48:09] INFO sged – ✅ SGED listo en http://0.0.0.0:8000/api/v1
[2026-05-25 18:48:11] INFO sged – 🔌 MongoDB desconectado.
[2026-05-25 18:48:11] INFO sged – 🛑 SGED detenido.
[2026-05-25 18:48:16] INFO sged – 🚀 Iniciando SGED API v1.0.0 [development]
[2026-05-25 18:48:18] INFO sged – ✅ MongoDB conectado → mongodb+srv://andrywbarrera:SGEDUPTC@sgedcluster.yyzatcs.mongodb.net/?retryWrites=true&w=majority / DataBaseSGED
[2026-05-25 18:48:19] INFO sged – ✅ Índices de MongoDB creados/verificados.
[2026-05-25 18:48:19] INFO sged – ✅ SGED listo en http://0.0.0.0:8000/api/v1
[2026-05-25 18:50:16] INFO sged – 🔌 MongoDB desconectado.
[2026-05-25 18:50:16] INFO sged – 🛑 SGED detenido.
[2026-05-25 18:50:20] INFO sged – 🚀 Iniciando SGED API v1.0.0 [development]
[2026-05-25 18:50:22] INFO sged – ✅ MongoDB conectado → mongodb+srv://andrywbarrera:SGEDUPTC@sgedcluster.yyzatcs.mongodb.net/?retryWrites=true&w=majority / DataBaseSGED
[2026-05-25 18:50:24] INFO sged – ✅ Índices de MongoDB creados/verificados.
[2026-05-25 18:50:24] INFO sged – ✅ SGED listo en http://0.0.0.0:8000/api/v1
[2026-05-25 18:50:37] INFO sged – 🔌 MongoDB desconectado.
[2026-05-25 18:50:37] INFO sged – 🛑 SGED detenido.
[2026-05-25 18:50:44] INFO sged – 🚀 Iniciando SGED API v1.0.0 [development]
[2026-05-25 18:50:46] INFO sged – ✅ MongoDB conectado → mongodb+srv://andrywbarrera:SGEDUPTC@sgedcluster.yyzatcs.mongodb.net/?retryWrites=true&w=majority / DataBaseSGED
[2026-05-25 18:50:49] INFO sged – ✅ Índices de MongoDB creados/verificados.
[2026-05-25 18:50:49] INFO sged – ✅ SGED listo en http://0.0.0.0:8000/api/v1
[2026-05-25 18:51:05] INFO sged – 🔌 MongoDB desconectado.
[2026-05-25 18:51:05] INFO sged – 🛑 SGED detenido.
[2026-05-25 18:51:10] INFO sged – 🚀 Iniciando SGED API v1.0.0 [development]
[2026-05-25 18:51:13] INFO sged – ✅ MongoDB conectado → mongodb+srv://andrywbarrera:SGEDUPTC@sgedcluster.yyzatcs.mongodb.net/?retryWrites=true&w=majority / DataBaseSGED
[2026-05-25 18:51:14] INFO sged – ✅ Índices de MongoDB creados/verificados.
[2026-05-25 18:51:14] INFO sged – ✅ SGED listo en http://0.0.0.0:8000/api/v1
[2026-05-26 10:21:27] INFO sged – 🚀 Iniciando SGED API v1.0.0 [development]
[2026-05-26 10:21:37] INFO sged – ✅ MongoDB conectado → mongodb+srv://andrywbarrera:SGEDUPTC@sgedcluster.yyzatcs.mongodb.net/?retryWrites=true&w=majority / DataBaseSGED
[2026-05-26 10:21:39] INFO sged – ✅ Índices de MongoDB creados/verificados.
[2026-05-26 10:21:39] INFO sged – ✅ SGED listo en http://0.0.0.0:8000/api/v1
[2026-05-26 10:21:55] INFO sged – 🔑 Login exitoso: admin@uptc.edu.co [Administrador]
[2026-05-26 10:21:59] INFO sged – 🔑 Login exitoso: admin@uptc.edu.co [Administrador]
[2026-05-26 10:23:00] INFO sged – 🔌 MongoDB desconectado.
[2026-05-26 10:23:00] INFO sged – 🛑 SGED detenido.
[2026-05-26 10:23:21] INFO sged – 🚀 Iniciando SGED API v1.0.0 [development]
[2026-05-26 10:23:31] INFO sged – ✅ MongoDB conectado → mongodb+srv://andrywbarrera:SGEDUPTC@sgedcluster.yyzatcs.mongodb.net/?retryWrites=true&w=majority / DataBaseSGED
[2026-05-26 10:23:34] INFO sged – ✅ Índices de MongoDB creados/verificados.
[2026-05-26 10:23:34] INFO sged – ✅ SGED listo en http://0.0.0.0:8000/api/v1
[2026-05-26 10:23:52] INFO sged – 🚀 Iniciando SGED API v1.0.0 [development]
[2026-05-26 10:24:06] INFO sged – ✅ MongoDB conectado → mongodb+srv://andrywbarrera:SGEDUPTC@sgedcluster.yyzatcs.mongodb.net/?retryWrites=true&w=majority / DataBaseSGED
[2026-05-26 10:24:09] INFO sged – ✅ Índices de MongoDB creados/verificados.
[2026-05-26 10:24:09] INFO sged – ✅ SGED listo en http://0.0.0.0:8000/api/v1
[2026-05-26 10:24:23] INFO sged – 🔑 Login exitoso: admin@uptc.edu.co [Administrador]
[2026-05-26 10:27:59] INFO sged – 👋 Logout: usuario 6a10b40d9f1292ecf5c0e8ab
[2026-05-26 10:28:03] INFO sged – 🔑 Login exitoso: coordinador@uptc.edu.co [Administrativo]
[2026-05-26 10:30:12] INFO sged – 👋 Logout: usuario 6a10b40e9f1292ecf5c0e8ac
[2026-05-26 10:30:26] INFO sged – 🔑 Login exitoso: andryw.barrera@uptc.edu.co [Estudiante]
[2026-05-26 10:32:16] INFO sged – 📧 Email enviado a andryw.barrera@uptc.edu.co — Asunto: ℹ️  Aviso del Sistema – SGED UPTC
[2026-05-26 10:32:17] INFO sged – 📋 Reserva 6a15bcf6587c57ee8e828a44 creada por usuario 6a10b40f9f1292ecf5c0e8ad.
[2026-05-26 10:32:56] INFO sged – 📧 Email enviado a andryw.barrera@uptc.edu.co — Asunto: 🚫 Reserva Cancelada – SGED UPTC
[2026-05-26 10:32:56] INFO sged – 🚫 Reserva 6a15bcf6587c57ee8e828a44 CANCELADA por usuario 6a10b40f9f1292ecf5c0e8ad.
[2026-05-26 10:33:17] INFO sged – 👋 Logout: usuario 6a10b40f9f1292ecf5c0e8ad
[2026-05-26 10:36:12] INFO sged – 🔌 MongoDB desconectado.
[2026-05-26 10:36:12] INFO sged – 🛑 SGED detenido.
